[
  {
    "cluster_id": "cluster_1",
    "synonyms": [
      {
        "id": "ENT_000004",
        "text": "Cats"
      },
      {
        "id": "ENT_001579",
        "text": "domestic cats"
      }
    ]
  },
  {
    "cluster_id": "cluster_4",
    "synonyms": [
      {
        "id": "ENT_000221",
        "text": "wild felids"
      },
      {
        "id": "ENT_002290",
        "text": "wild cats"
      }
    ]
  },
  {
    "cluster_id": "cluster_10",
    "synonyms": [
      {
        "id": "ENT_000510",
        "text": "older dogs"
      },
      {
        "id": "ENT_003253",
        "text": "older pets"
      }
    ]
  },
  {
    "cluster_id": "cluster_12",
    "synonyms": [
      {
        "id": "ENT_000550",
        "text": "Bulldogs"
      },
      {
        "id": "ENT_000552",
        "text": "French Bulldogs"
      }
    ]
  },
  {
    "cluster_id": "cluster_16",
    "synonyms": [
      {
        "id": "ENT_000657",
        "text": "small-breed dogs"
      },
      {
        "id": "ENT_002817",
        "text": "small and toy-breed dogs"
      }
    ]
  },
  {
    "cluster_id": "cluster_38",
    "synonyms": [
      {
        "id": "ENT_001792",
        "text": "Brachycephalic breeds"
      },
      {
        "id": "ENT_002708",
        "text": "Short-muzzle breeds"
      }
    ]
  },
  {
    "cluster_id": "cluster_42",
    "synonyms": [
      {
        "id": "ENT_002213",
        "text": "Young cats"
      },
      {
        "id": "ENT_002098",
        "text": "young to middle-aged cats"
      },
      {
        "id": "ENT_002245",
        "text": "cats between 2 and 7 years"
      }
    ]
  },
  {
    "cluster_id": "cluster_45",
    "synonyms": [
      {
        "id": "ENT_002214",
        "text": "Older cats"
      },
      {
        "id": "ENT_002246",
        "text": "cats over 10 years"
      }
    ]
  },
  {
    "cluster_id": "cluster_52",
    "synonyms": [
      {
        "id": "ENT_002247",
        "text": "castrated males"
      },
      {
        "id": "ENT_002472",
        "text": "neutered male dogs"
      }
    ]
  },
  {
    "cluster_id": "cluster_63",
    "synonyms": [
      {
        "id": "ENT_002707",
        "text": "Large breed dogs"
      },
      {
        "id": "ENT_004612",
        "text": "adult large breed dogs"
      }
    ]
  },
  {
    "cluster_id": "cluster_80",
    "synonyms": [
      {
        "id": "ENT_001256",
        "text": "Siamese cats"
      },
      {
        "id": "ENT_001258",
        "text": "Oriental cat breeds"
      }
    ]
  },
  {
    "cluster_id": "cluster_90",
    "synonyms": [
      {
        "id": "ENT_003829",
        "text": "young animals"
      },
      {
        "id": "ENT_003535",
        "text": "young puppies"
      }
    ]
  }
]