[
  {
    "cluster_id": "cluster_1",
    "synonyms": [
      {
        "id": "ENT_000024",
        "text": "gastrointestinal disorders"
      },
      {
        "id": "ENT_004977",
        "text": "gastrointestinal diseases"
      }
    ]
  },
  {
    "cluster_id": "cluster_3",
    "synonyms": [
      {
        "id": "ENT_000026",
        "text": "peritoneal disorders"
      },
      {
        "id": "ENT_002760",
        "text": "Peritonitis"
      }
    ]
  },
  {
    "cluster_id": "cluster_4",
    "synonyms": [
      {
        "id": "ENT_000027",
        "text": "hepatobiliary disorders"
      },
      {
        "id": "ENT_004978",
        "text": "hepatobiliary diseases"
      }
    ]
  },
  {
    "cluster_id": "cluster_5",
    "synonyms": [
      {
        "id": "ENT_000028",
        "text": "musculoskeletal disorders"
      },
      {
        "id": "ENT_003813",
        "text": "orthopedic disorders"
      }
    ]
  },
  {
    "cluster_id": "cluster_6",
    "synonyms": [
      {
        "id": "ENT_000067",
        "text": "gastric dilatation-volvulus"
      },
      {
        "id": "ENT_003983",
        "text": "Gastric dilation and volvulus"
      }
    ]
  },
  {
    "cluster_id": "cluster_8",
    "synonyms": [
      {
        "id": "ENT_000069",
        "text": "intestinal obstruction"
      },
      {
        "id": "ENT_002509",
        "text": "gastrointestinal obstructions"
      }
    ]
  },
  {
    "cluster_id": "cluster_9",
    "synonyms": [
      {
        "id": "ENT_000070",
        "text": "intestinal perforation"
      },
      {
        "id": "ENT_002829",
        "text": "GI perforation"
      }
    ]
  },
  {
    "cluster_id": "cluster_10",
    "synonyms": [
      {
        "id": "ENT_000071",
        "text": "mesenteric torsion"
      },
      {
        "id": "ENT_003951",
        "text": "mesenteric volvulus"
      }
    ]
  },
  {
    "cluster_id": "cluster_17",
    "synonyms": [
      {
        "id": "ENT_000129",
        "text": "Inflammatory bowel disease"
      },
      {
        "id": "ENT_001220",
        "text": "Inflammatory bowel disease (IBD)"
      }
    ]
  },
  {
    "cluster_id": "cluster_20",
    "synonyms": [
      {
        "id": "ENT_001893",
        "text": "Cancer"
      },
      {
        "id": "ENT_004985",
        "text": "cancers"
      }
    ]
  },
  {
    "cluster_id": "cluster_25",
    "synonyms": [
      {
        "id": "ENT_000214",
        "text": "Acute gastritis"
      },
      {
        "id": "ENT_001828",
        "text": "Gastritis"
      }
    ]
  },
  {
    "cluster_id": "cluster_239",
    "synonyms": [
      {
        "id": "ENT_000215",
        "text": "Gastrointestinal foreign body"
      },
      {
        "id": "ENT_002590",
        "text": "foreign body ingestion"
      },
      {
        "id": "ENT_003695",
        "text": "foreign body obstruction"
      }
    ]
  },
  {
    "cluster_id": "cluster_27",
    "synonyms": [
      {
        "id": "ENT_000759",
        "text": "Canine Parvovirus Infection"
      },
      {
        "id": "ENT_003544",
        "text": "canine parvoviral enteritis"
      }
    ]
  },
  {
    "cluster_id": "cluster_28",
    "synonyms": [
      {
        "id": "ENT_000253",
        "text": "feline bronchial disease"
      },
      {
        "id": "ENT_000254",
        "text": "feline asthma"
      },
      {
        "id": "ENT_002091",
        "text": "feline allergic bronchitis"
      }
    ]
  },
  {
    "cluster_id": "cluster_33",
    "synonyms": [
      {
        "id": "ENT_000258",
        "text": "pulmonary tumors"
      },
      {
        "id": "ENT_004571",
        "text": "Pulmonary neoplasia"
      }
    ]
  },
  {
    "cluster_id": "cluster_301",
    "synonyms": [
      {
        "id": "ENT_000345",
        "text": "canine granulocytic ehrlichiosis"
      },
      {
        "id": "ENT_003472",
        "text": "Anaplasmosis"
      },
      {
        "id": "ENT_004003",
        "text": "Anaplasma phagocytophilum"
      }
    ]
  },
  {
    "cluster_id": "cluster_39",
    "synonyms": [
      {
        "id": "ENT_000389",
        "text": "scabies"
      },
      {
        "id": "ENT_004373",
        "text": "sarcoptic mange"
      }
    ]
  },
  {
    "cluster_id": "cluster_48",
    "synonyms": [
      {
        "id": "ENT_000442",
        "text": "Hookworms"
      },
      {
        "id": "ENT_005157",
        "text": "Hookworm infections"
      }
    ]
  },
  {
    "cluster_id": "cluster_51",
    "synonyms": [
      {
        "id": "ENT_001338",
        "text": "giardiasis"
      },
      {
        "id": "ENT_000446",
        "text": "Giardia"
      },
      {
        "id": "ENT_001543",
        "text": "Coccidiosis"
      },
      {
        "id": "ENT_000445",
        "text": "Coccidia"
      }
    ]
  },
  {
    "cluster_id": "cluster_56",
    "synonyms": [
      {
        "id": "ENT_000514",
        "text": "kidney disease"
      },
      {
        "id": "ENT_004472",
        "text": "renal diseases"
      }
    ]
  },
  {
    "cluster_id": "cluster_57",
    "synonyms": [
      {
        "id": "ENT_000515",
        "text": "liver disease"
      },
      {
        "id": "ENT_000544",
        "text": "hepatic disease"
      }
    ]
  },
  {
    "cluster_id": "cluster_60",
    "synonyms": [
      {
        "id": "ENT_000541",
        "text": "gastric ulcers"
      },
      {
        "id": "ENT_002827",
        "text": "GI ulceration"
      }
    ]
  },
  {
    "cluster_id": "cluster_67",
    "synonyms": [
      {
        "id": "ENT_000611",
        "text": "Salmonella"
      },
      {
        "id": "ENT_002325",
        "text": "salmonellosis"
      }
    ]
  },
  {
    "cluster_id": "cluster_74",
    "synonyms": [
      {
        "id": "ENT_000619",
        "text": "Cryptosporidium"
      },
      {
        "id": "ENT_001339",
        "text": "cryptosporidiosis"
      }
    ]
  },
  {
    "cluster_id": "cluster_77",
    "synonyms": [
      {
        "id": "ENT_000622",
        "text": "ulcerative colitis"
      },
      {
        "id": "ENT_004889",
        "text": "inflammatory bowel syndrome"
      }
    ]
  },
  {
    "cluster_id": "cluster_78",
    "synonyms": [
      {
        "id": "ENT_000623",
        "text": "appendicitis"
      },
      {
        "id": "ENT_004887",
        "text": "acute appendicitis"
      }
    ]
  },
  {
    "cluster_id": "cluster_80",
    "synonyms": [
      {
        "id": "ENT_000697",
        "text": "canine infectious tracheobronchitis"
      },
      {
        "id": "ENT_001445",
        "text": "Infectious tracheobronchitis"
      },
      {
        "id": "ENT_005092",
        "text": "Tracheobronchitis"
      }
    ]
  },
  {
    "cluster_id": "cluster_83",
    "synonyms": [
      {
        "id": "ENT_000700",
        "text": "pneumonia"
      },
      {
        "id": "ENT_000702",
        "text": "fungal pneumonia"
      }
    ]
  },
  {
    "cluster_id": "cluster_87",
    "synonyms": [
      {
        "id": "ENT_000760",
        "text": "Infectious Canine Hepatitis"
      },
      {
        "id": "ENT_000803",
        "text": "Canine infectious hepatitis"
      },
      {
        "id": "ENT_001489",
        "text": "Infectious hepatitis"
      }
    ]
  },
  {
    "cluster_id": "cluster_88",
    "synonyms": [
      {
        "id": "ENT_000761",
        "text": "Canine Influenza Virus Infection"
      },
      {
        "id": "ENT_000836",
        "text": "canine influenza"
      }
    ]
  },
  {
    "cluster_id": "cluster_93",
    "synonyms": [
      {
        "id": "ENT_000804",
        "text": "Canine distemper virus"
      },
      {
        "id": "ENT_000835",
        "text": "canine distemper"
      },
      {
        "id": "ENT_000896",
        "text": "Canine distemper virus infection"
      },
      {
        "id": "ENT_003780",
        "text": "distemper"
      }
    ]
  },
  {
    "cluster_id": "cluster_97",
    "synonyms": [
      {
        "id": "ENT_000837",
        "text": "heart disease"
      },
      {
        "id": "ENT_002682",
        "text": "Cardiac disease"
      }
    ]
  },
  {
    "cluster_id": "cluster_106",
    "synonyms": [
      {
        "id": "ENT_000939",
        "text": "Diaphragmatic hernia"
      },
      {
        "id": "ENT_002638",
        "text": "hiatal hernia"
      }
    ]
  },
  {
    "cluster_id": "cluster_109",
    "synonyms": [
      {
        "id": "ENT_001036",
        "text": "Gallbladder mucocele"
      },
      {
        "id": "ENT_001152",
        "text": "Biliary mucocele"
      }
    ]
  },
  {
    "cluster_id": "cluster_110",
    "synonyms": [
      {
        "id": "ENT_001037",
        "text": "Cholelithiasis"
      },
      {
        "id": "ENT_001097",
        "text": "Gallstones"
      }
    ]
  },
  {
    "cluster_id": "cluster_111",
    "synonyms": [
      {
        "id": "ENT_001040",
        "text": "Liver neoplasia"
      },
      {
        "id": "ENT_001490",
        "text": "Hepatic neoplasia"
      },
      {
        "id": "ENT_001930",
        "text": "Liver Cancer"
      }
    ]
  },
  {
    "cluster_id": "cluster_116",
    "synonyms": [
      {
        "id": "ENT_001121",
        "text": "Gastroenteritis"
      },
      {
        "id": "ENT_002819",
        "text": "viral gastroenteritis"
      }
    ]
  },
  {
    "cluster_id": "cluster_119",
    "synonyms": [
      {
        "id": "ENT_001153",
        "text": "Biliary adenocarcinoma"
      },
      {
        "id": "ENT_001883",
        "text": "bile duct cancer"
      }
    ]
  },
  {
    "cluster_id": "cluster_122",
    "synonyms": [
      {
        "id": "ENT_001222",
        "text": "Exocrine pancreatic insufficiency (EPI)"
      },
      {
        "id": "ENT_002674",
        "text": "Exocrine pancreatic insufficiency"
      }
    ]
  },
  {
    "cluster_id": "cluster_153",
    "synonyms": [
      {
        "id": "ENT_001598",
        "text": "feline panleukopenia"
      },
      {
        "id": "ENT_005064",
        "text": "feline distemper"
      }
    ]
  },
  {
    "cluster_id": "cluster_154",
    "synonyms": [
      {
        "id": "ENT_001630",
        "text": "Staphylococcal bacterial folliculitis"
      },
      {
        "id": "ENT_004374",
        "text": "superficial bacterial folliculitis"
      }
    ]
  },
  {
    "cluster_id": "cluster_155",
    "synonyms": [
      {
        "id": "ENT_001631",
        "text": "Demodicosis"
      },
      {
        "id": "ENT_003904",
        "text": "demodecosis"
      }
    ]
  },
  {
    "cluster_id": "cluster_160",
    "synonyms": [
      {
        "id": "ENT_001692",
        "text": "eosinophilic granuloma"
      },
      {
        "id": "ENT_003901",
        "text": "feline eosinophilic granuloma complex"
      }
    ]
  },
  {
    "cluster_id": "cluster_162",
    "synonyms": [
      {
        "id": "ENT_001825",
        "text": "Megaesophagus"
      },
      {
        "id": "ENT_002508",
        "text": "idiopathic megaesophagus"
      }
    ]
  },
  {
    "cluster_id": "cluster_164",
    "synonyms": [
      {
        "id": "ENT_001729",
        "text": "esophageal foreign bodies"
      },
      {
        "id": "ENT_002635",
        "text": "esophageal foreign body"
      }
    ]
  },
  {
    "cluster_id": "cluster_168",
    "synonyms": [
      {
        "id": "ENT_001771",
        "text": "Foreign bodies"
      },
      {
        "id": "ENT_004050",
        "text": "Foreign body"
      }
    ]
  },
  {
    "cluster_id": "cluster_173",
    "synonyms": [
      {
        "id": "ENT_001824",
        "text": "Esophageal motility disorders"
      },
      {
        "id": "ENT_003699",
        "text": "motility disorders"
      }
    ]
  },
  {
    "cluster_id": "cluster_187",
    "synonyms": [
      {
        "id": "ENT_001932",
        "text": "Glycogen Storage Disease"
      },
      {
        "id": "ENT_003348",
        "text": "Glycogen storage diseases"
      }
    ]
  },
  {
    "cluster_id": "cluster_210",
    "synonyms": [
      {
        "id": "ENT_001972",
        "text": "feline immunodeficiency virus (FIV)"
      },
      {
        "id": "ENT_002808",
        "text": "feline immunodeficiency virus"
      },
      {
        "id": "ENT_005065",
        "text": "FIV infection"
      },
      {
        "id": "ENT_001973",
        "text": "feline leukemia virus (FeLV)"
      },
      {
        "id": "ENT_002807",
        "text": "feline leukemia virus"
      },
      {
        "id": "ENT_005066",
        "text": "FeLV infection"
      }
    ]
  },
  {
    "cluster_id": "cluster_196",
    "synonyms": [
      {
        "id": "ENT_002051",
        "text": "Dietary intolerance"
      },
      {
        "id": "ENT_003602",
        "text": "dietary sensitivity"
      }
    ]
  },
  {
    "cluster_id": "cluster_197",
    "synonyms": [
      {
        "id": "ENT_002081",
        "text": "Calicivirus"
      },
      {
        "id": "ENT_002404",
        "text": "Feline calicivirus infection"
      }
    ]
  },
  {
    "cluster_id": "cluster_200",
    "synonyms": [
      {
        "id": "ENT_002084",
        "text": "Allergic dermatitis"
      },
      {
        "id": "ENT_002434",
        "text": "flea allergy dermatitis"
      }
    ]
  },
  {
    "cluster_id": "cluster_208",
    "synonyms": [
      {
        "id": "ENT_002193",
        "text": "mycobacterial infection"
      },
      {
        "id": "ENT_004082",
        "text": "mycobacteriosis"
      }
    ]
  },
  {
    "cluster_id": "cluster_212",
    "synonyms": [
      {
        "id": "ENT_002280",
        "text": "feline idiopathic cystitis"
      },
      {
        "id": "ENT_003077",
        "text": "feline lower urinary tract disease"
      }
    ]
  },
  {
    "cluster_id": "cluster_229",
    "synonyms": [
      {
        "id": "ENT_002451",
        "text": "Pneumothorax"
      },
      {
        "id": "ENT_004567",
        "text": "Traumatic pneumothorax"
      },
      {
        "id": "ENT_004635",
        "text": "Spontaneous pneumothorax"
      }
    ]
  },
  {
    "cluster_id": "cluster_230",
    "synonyms": [
      {
        "id": "ENT_002452",
        "text": "Pleural effusion"
      },
      {
        "id": "ENT_004634",
        "text": "Pleural effusions"
      }
    ]
  },
  {
    "cluster_id": "cluster_250",
    "synonyms": [
      {
        "id": "ENT_002757",
        "text": "Coagulopathy"
      },
      {
        "id": "ENT_002823",
        "text": "coagulopathies"
      }
    ]
  },
  {
    "cluster_id": "cluster_257",
    "synonyms": [
      {
        "id": "ENT_002809",
        "text": "babesiosis"
      },
      {
        "id": "ENT_003811",
        "text": "Babesia"
      }
    ]
  },
  {
    "cluster_id": "cluster_261",
    "synonyms": [
      {
        "id": "ENT_002824",
        "text": "hypoadrenocorticism"
      },
      {
        "id": "ENT_003291",
        "text": "Addison's disease"
      }
    ]
  },
  {
    "cluster_id": "cluster_286",
    "synonyms": [
      {
        "id": "ENT_003206",
        "text": "dermatophytosis"
      },
      {
        "id": "ENT_004864",
        "text": "ringworm"
      }
    ]
  },
  {
    "cluster_id": "cluster_287",
    "synonyms": [
      {
        "id": "ENT_003207",
        "text": "allergic skin disease"
      },
      {
        "id": "ENT_005194",
        "text": "allergic skin diseases"
      }
    ]
  },
  {
    "cluster_id": "cluster_300",
    "synonyms": [
      {
        "id": "ENT_003469",
        "text": "Infectious diseases"
      },
      {
        "id": "ENT_004983",
        "text": "infections"
      }
    ]
  },
  {
    "cluster_id": "cluster_302",
    "synonyms": [
      {
        "id": "ENT_003512",
        "text": "drug-induced thrombocytopenia"
      },
      {
        "id": "ENT_004973",
        "text": "Medication-induced thrombocytopenia"
      }
    ]
  },
  {
    "cluster_id": "cluster_309",
    "synonyms": [
      {
        "id": "ENT_003620",
        "text": "intestinal neoplasia"
      },
      {
        "id": "ENT_003696",
        "text": "intestinal masses or neoplasia"
      }
    ]
  },
  {
    "cluster_id": "cluster_319",
    "synonyms": [
      {
        "id": "ENT_003778",
        "text": "canine brucellosis"
      },
      {
        "id": "ENT_005123",
        "text": "Brucellosis"
      }
    ]
  },
  {
    "cluster_id": "cluster_331",
    "synonyms": [
      {
        "id": "ENT_003876",
        "text": "inflammatory diseases"
      },
      {
        "id": "ENT_004984",
        "text": "inflammatory conditions"
      }
    ]
  },
  {
    "cluster_id": "cluster_377",
    "synonyms": [
      {
        "id": "ENT_004467",
        "text": "roundworms"
      },
      {
        "id": "ENT_005156",
        "text": "Roundworm infections"
      }
    ]
  },
  {
    "cluster_id": "cluster_392",
    "synonyms": [
      {
        "id": "ENT_004675",
        "text": "Conidiobolomycosis"
      },
      {
        "id": "ENT_004676",
        "text": "Basidiobolomycosis"
      }
    ]
  },
  {
    "cluster_id": "cluster_432",
    "synonyms": [
      {
        "id": "ENT_005241",
        "text": "Canine TB"
      },
      {
        "id": "ENT_005242",
        "text": "Bovine TB"
      }
    ]
  }
]