[
  {
    "cluster_id": "cluster_2",
    "synonyms": [
      {
        "id": "ENT_000011",
        "text": "Thorax"
      },
      {
        "id": "ENT_000954",
        "text": "Thoracic cavity"
      }
    ]
  },
  {
    "cluster_id": "cluster_39",
    "synonyms": [
      {
        "id": "ENT_000912",
        "text": "Peritoneal cavity"
      },
      {
        "id": "ENT_002598",
        "text": "abdominal cavity"
      }
    ]
  },
  {
    "cluster_id": "cluster_4",
    "synonyms": [
      {
        "id": "ENT_000439",
        "text": "Intestine"
      },
      {
        "id": "ENT_000911",
        "text": "Intestines"
      }
    ]
  },
  {
    "cluster_id": "cluster_7",
    "synonyms": [
      {
        "id": "ENT_000088",
        "text": "Colon"
      },
      {
        "id": "ENT_005130",
        "text": "large intestine"
      }
    ]
  },
  {
    "cluster_id": "cluster_51",
    "synonyms": [
      {
        "id": "ENT_000369",
        "text": "intestinal wall"
      },
      {
        "id": "ENT_003383",
        "text": "Intestinal mucosa"
      }
    ]
  },
  {
    "cluster_id": "cluster_32",
    "synonyms": [
      {
        "id": "ENT_000734",
        "text": "Central nervous system"
      },
      {
        "id": "ENT_001557",
        "text": "brain"
      }
    ]
  },
  {
    "cluster_id": "cluster_36",
    "synonyms": [
      {
        "id": "ENT_000864",
        "text": "lymphoid tissue"
      },
      {
        "id": "ENT_002328",
        "text": "lymphoid tissues"
      }
    ]
  },
  {
    "cluster_id": "cluster_34",
    "synonyms": [
      {
        "id": "ENT_000832",
        "text": "upper respiratory tract"
      },
      {
        "id": "ENT_004020",
        "text": "Nasal passages"
      }
    ]
  },
  {
    "cluster_id": "cluster_35",
    "synonyms": [
      {
        "id": "ENT_000863",
        "text": "intestinal crypt epithelium"
      },
      {
        "id": "ENT_002329",
        "text": "intestinal crypts"
      }
    ]
  },
  {
    "cluster_id": "cluster_41",
    "synonyms": [
      {
        "id": "ENT_000955",
        "text": "Pleural space"
      },
      {
        "id": "ENT_002855",
        "text": "pleural cavity"
      }
    ]
  },
  {
    "cluster_id": "cluster_43",
    "synonyms": [
      {
        "id": "ENT_000958",
        "text": "Chest wall"
      },
      {
        "id": "ENT_002449",
        "text": "Thoracic wall"
      }
    ]
  },
  {
    "cluster_id": "cluster_44",
    "synonyms": [
      {
        "id": "ENT_000994",
        "text": "Bile ducts"
      },
      {
        "id": "ENT_001858",
        "text": "bile duct"
      }
    ]
  },
  {
    "cluster_id": "cluster_82",
    "synonyms": [
      {
        "id": "ENT_001148",
        "text": "Duodenum"
      },
      {
        "id": "ENT_002530",
        "text": "jejunum"
      }
    ]
  },
  {
    "cluster_id": "cluster_72",
    "synonyms": [
      {
        "id": "ENT_002285",
        "text": "lower urinary tract"
      },
      {
        "id": "ENT_003242",
        "text": "Urinary tract"
      }
    ]
  },
  {
    "cluster_id": "cluster_109",
    "synonyms": [
      {
        "id": "ENT_004358",
        "text": "legs"
      },
      {
        "id": "ENT_005187",
        "text": "feet"
      }
    ]
  }
]