[
  {
    "cluster_id": "cluster_0",
    "synonyms": [
      {
        "id": "ENT_000020",
        "text": "Good dental hygiene"
      },
      {
        "id": "ENT_000301",
        "text": "dental hygiene"
      },
      {
        "id": "ENT_000693",
        "text": "dental care"
      },
      {
        "id": "ENT_003945",
        "text": "good oral hygiene and dental care"
      }
    ]
  },
  {
    "cluster_id": "cluster_2",
    "synonyms": [
      {
        "id": "ENT_000065",
        "text": "vaccination"
      },
      {
        "id": "ENT_000973",
        "text": "Vaccinations"
      }
    ]
  },
  {
    "cluster_id": "cluster_80",
    "synonyms": [
      {
        "id": "ENT_001006",
        "text": "Dietary management"
      },
      {
        "id": "ENT_001060",
        "text": "Diet management"
      }
    ]
  },
  {
    "cluster_id": "cluster_22",
    "synonyms": [
      {
        "id": "ENT_000178",
        "text": "flea and tick control"
      },
      {
        "id": "ENT_002805",
        "text": "tick and flea control"
      }
    ]
  },
  {
    "cluster_id": "cluster_100",
    "synonyms": [
      {
        "id": "ENT_000180",
        "text": "regular veterinary check-ups"
      },
      {
        "id": "ENT_000212",
        "text": "Regular veterinary checkups"
      },
      {
        "id": "ENT_001926",
        "text": "Regular veterinary care"
      },
      {
        "id": "ENT_003467",
        "text": "Regular check-ups"
      },
      {
        "id": "ENT_005010",
        "text": "routine veterinary examinations"
      }
    ]
  },
  {
    "cluster_id": "cluster_15",
    "synonyms": [
      {
        "id": "ENT_000248",
        "text": "keeping cats indoors"
      },
      {
        "id": "ENT_002227",
        "text": "Keep cats indoors"
      }
    ]
  },
  {
    "cluster_id": "cluster_18",
    "synonyms": [
      {
        "id": "ENT_000251",
        "text": "routine fecal testing"
      },
      {
        "id": "ENT_000386",
        "text": "routine fecal monitoring"
      },
      {
        "id": "ENT_004043",
        "text": "Regular fecal examinations"
      },
      {
        "id": "ENT_004293",
        "text": "regular fecal exams"
      }
    ]
  },
  {
    "cluster_id": "cluster_21",
    "synonyms": [
      {
        "id": "ENT_000302",
        "text": "wound cleaning"
      },
      {
        "id": "ENT_002228",
        "text": "Wound cleaning and disinfection"
      }
    ]
  },
  {
    "cluster_id": "cluster_24",
    "synonyms": [
      {
        "id": "ENT_000342",
        "text": "avoiding high-risk areas"
      },
      {
        "id": "ENT_005204",
        "text": "avoiding infested areas"
      }
    ]
  },
  {
    "cluster_id": "cluster_26",
    "synonyms": [
      {
        "id": "ENT_000381",
        "text": "regular deworming"
      },
      {
        "id": "ENT_002843",
        "text": "deworming"
      },
      {
        "id": "ENT_004041",
        "text": "Routine deworming"
      }
    ]
  },
  {
    "cluster_id": "cluster_33",
    "synonyms": [
      {
        "id": "ENT_000382",
        "text": "prompt disposal of pet feces"
      },
      {
        "id": "ENT_000456",
        "text": "Fecal removal"
      },
      {
        "id": "ENT_001417",
        "text": "prompt disposal of feces"
      },
      {
        "id": "ENT_001541",
        "text": "Prompt removal of feces"
      },
      {
        "id": "ENT_005154",
        "text": "prompt fecal disposal"
      }
    ]
  },
  {
    "cluster_id": "cluster_28",
    "synonyms": [
      {
        "id": "ENT_000384",
        "text": "keeping dogs confined"
      },
      {
        "id": "ENT_001566",
        "text": "keeping pets indoors"
      },
      {
        "id": "ENT_004291",
        "text": "confine pets"
      }
    ]
  },
  {
    "cluster_id": "cluster_29",
    "synonyms": [
      {
        "id": "ENT_000385",
        "text": "good hygiene practices"
      },
      {
        "id": "ENT_002080",
        "text": "Hygiene practices"
      }
    ]
  },
  {
    "cluster_id": "cluster_46",
    "synonyms": [
      {
        "id": "ENT_000498",
        "text": "Isolation"
      },
      {
        "id": "ENT_000608",
        "text": "isolate infected pets"
      },
      {
        "id": "ENT_000858",
        "text": "isolation of infected dogs"
      },
      {
        "id": "ENT_001627",
        "text": "isolation of affected animals"
      },
      {
        "id": "ENT_004930",
        "text": "animal separation"
      }
    ]
  },
  {
    "cluster_id": "cluster_117",
    "synonyms": [
      {
        "id": "ENT_001725",
        "text": "healthy body weight"
      },
      {
        "id": "ENT_001922",
        "text": "Maintain healthy body weight"
      },
      {
        "id": "ENT_002928",
        "text": "maintaining healthy body weight"
      }
    ]
  },
  {
    "cluster_id": "cluster_44",
    "synonyms": [
      {
        "id": "ENT_000606",
        "text": "avoid feeding raw meat"
      },
      {
        "id": "ENT_004744",
        "text": "Avoiding raw meat"
      },
      {
        "id": "ENT_005061",
        "text": "avoid raw meat"
      }
    ]
  },
  {
    "cluster_id": "cluster_47",
    "synonyms": [
      {
        "id": "ENT_000649",
        "text": "Disinfection"
      },
      {
        "id": "ENT_002140",
        "text": "cleaning and disinfection"
      },
      {
        "id": "ENT_004931",
        "text": "proper disinfection"
      }
    ]
  },
  {
    "cluster_id": "cluster_68",
    "synonyms": [
      {
        "id": "ENT_000975",
        "text": "Proper restraint during travel"
      },
      {
        "id": "ENT_002463",
        "text": "Proper vehicle restraint"
      }
    ]
  },
  {
    "cluster_id": "cluster_76",
    "synonyms": [
      {
        "id": "ENT_001170",
        "text": "Low copper diet"
      },
      {
        "id": "ENT_001483",
        "text": "low-copper diet"
      }
    ]
  },
  {
    "cluster_id": "cluster_82",
    "synonyms": [
      {
        "id": "ENT_001216",
        "text": "Regular exercise"
      },
      {
        "id": "ENT_001660",
        "text": "consistent exercise"
      }
    ]
  },
  {
    "cluster_id": "cluster_86",
    "synonyms": [
      {
        "id": "ENT_001263",
        "text": "Activity restriction"
      },
      {
        "id": "ENT_002729",
        "text": "Activity limitation"
      }
    ]
  },
  {
    "cluster_id": "cluster_103",
    "synonyms": [
      {
        "id": "ENT_001418",
        "text": "environmental cleaning"
      },
      {
        "id": "ENT_001965",
        "text": "environmental disinfection"
      },
      {
        "id": "ENT_002362",
        "text": "Environmental hygiene"
      },
      {
        "id": "ENT_003070",
        "text": "regular environmental sanitation"
      }
    ]
  },
  {
    "cluster_id": "cluster_95",
    "synonyms": [
      {
        "id": "ENT_001419",
        "text": "preventing access to prey animals"
      },
      {
        "id": "ENT_003030",
        "text": "limiting hunting and scavenging"
      }
    ]
  },
  {
    "cluster_id": "cluster_102",
    "synonyms": [
      {
        "id": "ENT_001511",
        "text": "Limiting exposure to bird droppings"
      },
      {
        "id": "ENT_003068",
        "text": "avoiding areas with high concentrations of bird or bat droppings"
      }
    ]
  },
  {
    "cluster_id": "cluster_109",
    "synonyms": [
      {
        "id": "ENT_001595",
        "text": "tick prevention products"
      },
      {
        "id": "ENT_003029",
        "text": "tick preventatives"
      }
    ]
  },
  {
    "cluster_id": "cluster_119",
    "synonyms": [
      {
        "id": "ENT_001763",
        "text": "Smaller, frequent meals"
      },
      {
        "id": "ENT_002501",
        "text": "smaller, more frequent meals"
      },
      {
        "id": "ENT_003283",
        "text": "small, frequent meals"
      },
      {
        "id": "ENT_005274",
        "text": "feeding smaller, more frequent meals"
      },
      {
        "id": "ENT_002585",
        "text": "multiple small meals"
      },
      {
        "id": "ENT_003978",
        "text": "multiple smaller meals"
      }
    ]
  },
  {
    "cluster_id": "cluster_162",
    "synonyms": [
      {
        "id": "ENT_002502",
        "text": "avoid elevated feeding bowls"
      },
      {
        "id": "ENT_002586",
        "text": "avoid elevated food bowls"
      },
      {
        "id": "ENT_005275",
        "text": "avoiding elevated food bowls"
      }
    ]
  },
  {
    "cluster_id": "cluster_206",
    "synonyms": [
      {
        "id": "ENT_001818",
        "text": "Core vaccines for dogs"
      },
      {
        "id": "ENT_003597",
        "text": "core vaccinations"
      },
      {
        "id": "ENT_003897",
        "text": "core vaccines"
      }
    ]
  },
  {
    "cluster_id": "cluster_125",
    "synonyms": [
      {
        "id": "ENT_001819",
        "text": "Core vaccines for cats"
      },
      {
        "id": "ENT_002401",
        "text": "FVRCP vaccine"
      }
    ]
  },
  {
    "cluster_id": "cluster_133",
    "synonyms": [
      {
        "id": "ENT_001925",
        "text": "Minimize stress"
      },
      {
        "id": "ENT_005089",
        "text": "reducing environmental stressors"
      }
    ]
  },
  {
    "cluster_id": "cluster_136",
    "synonyms": [
      {
        "id": "ENT_001964",
        "text": "isolation of infected cats"
      },
      {
        "id": "ENT_002139",
        "text": "isolating cats with respiratory disease"
      }
    ]
  },
  {
    "cluster_id": "cluster_144",
    "synonyms": [
      {
        "id": "ENT_002138",
        "text": "improving ventilation"
      },
      {
        "id": "ENT_004370",
        "text": "proper ventilation"
      }
    ]
  },
  {
    "cluster_id": "cluster_153",
    "synonyms": [
      {
        "id": "ENT_002277",
        "text": "clean litter boxes"
      },
      {
        "id": "ENT_005060",
        "text": "frequent litter box cleaning"
      },
      {
        "id": "ENT_005117",
        "text": "Regular litter box cleaning"
      }
    ]
  },
  {
    "cluster_id": "cluster_164",
    "synonyms": [
      {
        "id": "ENT_002504",
        "text": "avoid feeding before/after exercise"
      },
      {
        "id": "ENT_002587",
        "text": "limit exercise before and after meals"
      },
      {
        "id": "ENT_003979",
        "text": "avoiding exercise around feeding"
      },
      {
        "id": "ENT_005277",
        "text": "restricting exercise around mealtimes"
      }
    ]
  },
  {
    "cluster_id": "cluster_165",
    "synonyms": [
      {
        "id": "ENT_002505",
        "text": "controlled water intake"
      },
      {
        "id": "ENT_005279",
        "text": "limiting water intake around meals"
      }
    ]
  },
  {
    "cluster_id": "cluster_200",
    "synonyms": [
      {
        "id": "ENT_003430",
        "text": "Avoiding toxins"
      },
      {
        "id": "ENT_003465",
        "text": "Toxin avoidance"
      }
    ]
  },
  {
    "cluster_id": "cluster_205",
    "synonyms": [
      {
        "id": "ENT_003504",
        "text": "avoiding potential triggers"
      },
      {
        "id": "ENT_004564",
        "text": "Avoiding environmental triggers"
      }
    ]
  }
]