[
  {
    "cluster_id": "cluster_0",
    "synonyms": [
      {
        "id": "ENT_000001",
        "text": "Actinomyces"
      },
      {
        "id": "ENT_001127",
        "text": "Actinomycosis"
      }
    ]
  },
  {
    "cluster_id": "cluster_20",
    "synonyms": [
      {
        "id": "ENT_000029",
        "text": "Parvovirus"
      },
      {
        "id": "ENT_000146",
        "text": "Parvoviruses"
      },
      {
        "id": "ENT_000149",
        "text": "Canine parvovirus type 2"
      },
      {
        "id": "ENT_000862",
        "text": "canine parvovirus"
      }
    ]
  },
  {
    "cluster_id": "cluster_3",
    "synonyms": [
      {
        "id": "ENT_000030",
        "text": "Panleukopenia virus"
      },
      {
        "id": "ENT_001343",
        "text": "Feline panleukopenia virus"
      },
      {
        "id": "ENT_002288",
        "text": "FPV"
      }
    ]
  },
  {
    "cluster_id": "cluster_4",
    "synonyms": [
      {
        "id": "ENT_000031",
        "text": "E. coli"
      },
      {
        "id": "ENT_000982",
        "text": "Escherichia coli"
      }
    ]
  },
  {
    "cluster_id": "cluster_5",
    "synonyms": [
      {
        "id": "ENT_000983",
        "text": "Enterococcus spp."
      },
      {
        "id": "ENT_002252",
        "text": "Enterococcus species"
      },
      {
        "id": "ENT_004386",
        "text": "Enterococcus spp"
      },
      {
        "id": "ENT_004795",
        "text": "Enterococci"
      }
    ]
  },
  {
    "cluster_id": "cluster_6",
    "synonyms": [
      {
        "id": "ENT_003126",
        "text": "Pasteurella"
      },
      {
        "id": "ENT_004609",
        "text": "Pasteurella spp."
      }
    ]
  },
  {
    "cluster_id": "cluster_9",
    "synonyms": [
      {
        "id": "ENT_000036",
        "text": "hookworms"
      },
      {
        "id": "ENT_000348",
        "text": "Ancylostoma"
      }
    ]
  },
  {
    "cluster_id": "cluster_10",
    "synonyms": [
      {
        "id": "ENT_001069",
        "text": "Clostridium spp."
      },
      {
        "id": "ENT_003964",
        "text": "Clostridium species"
      },
      {
        "id": "ENT_004384",
        "text": "Clostridium spp"
      }
    ]
  },
  {
    "cluster_id": "cluster_13",
    "synonyms": [
      {
        "id": "ENT_000095",
        "text": "Giardia"
      },
      {
        "id": "ENT_002641",
        "text": "Giardia duodenalis"
      }
    ]
  },
  {
    "cluster_id": "cluster_14",
    "synonyms": [
      {
        "id": "ENT_000096",
        "text": "Cryptosporidium"
      },
      {
        "id": "ENT_001522",
        "text": "Cryptosporidium parvum"
      },
      {
        "id": "ENT_001523",
        "text": "Cryptosporidium canis"
      }
    ]
  },
  {
    "cluster_id": "cluster_18",
    "synonyms": [
      {
        "id": "ENT_000147",
        "text": "coronaviruses"
      },
      {
        "id": "ENT_003667",
        "text": "coronavirus"
      }
    ]
  },
  {
    "cluster_id": "cluster_23",
    "synonyms": [
      {
        "id": "ENT_003440",
        "text": "Bacteria"
      },
      {
        "id": "ENT_003860",
        "text": "bacterial infections"
      },
      {
        "id": "ENT_004605",
        "text": "bacterial infection"
      }
    ]
  },
  {
    "cluster_id": "cluster_27",
    "synonyms": [
      {
        "id": "ENT_000218",
        "text": "feline lungworm"
      },
      {
        "id": "ENT_000219",
        "text": "cat lungworm"
      }
    ]
  },
  {
    "cluster_id": "cluster_30",
    "synonyms": [
      {
        "id": "ENT_000259",
        "text": "Troglostrongylus brevior"
      },
      {
        "id": "ENT_000260",
        "text": "Troglostrongylus subcrenatus"
      }
    ]
  },
  {
    "cluster_id": "cluster_33",
    "synonyms": [
      {
        "id": "ENT_000262",
        "text": "Eucoleus aerophilus"
      },
      {
        "id": "ENT_000263",
        "text": "Capillaria aerophila"
      }
    ]
  },
  {
    "cluster_id": "cluster_35",
    "synonyms": [
      {
        "id": "ENT_001068",
        "text": "Bacteroides spp."
      },
      {
        "id": "ENT_004383",
        "text": "Bacteroides spp"
      }
    ]
  },
  {
    "cluster_id": "cluster_139",
    "synonyms": [
      {
        "id": "ENT_001344",
        "text": "Ehrlichia"
      },
      {
        "id": "ENT_003822",
        "text": "Ehrlichia species"
      }
    ]
  },
  {
    "cluster_id": "cluster_40",
    "synonyms": [
      {
        "id": "ENT_000307",
        "text": "deer ticks"
      },
      {
        "id": "ENT_000309",
        "text": "Ixodes scapularis"
      },
      {
        "id": "ENT_003783",
        "text": "blacklegged tick"
      }
    ]
  },
  {
    "cluster_id": "cluster_41",
    "synonyms": [
      {
        "id": "ENT_000308",
        "text": "Western black-legged ticks"
      },
      {
        "id": "ENT_000310",
        "text": "Ixodes pacificus"
      },
      {
        "id": "ENT_003785",
        "text": "western blacklegged tick"
      }
    ]
  },
  {
    "cluster_id": "cluster_44",
    "synonyms": [
      {
        "id": "ENT_000311",
        "text": "Rhipicephalus sanguineus"
      },
      {
        "id": "ENT_000471",
        "text": "Rhipicephalus ticks"
      }
    ]
  },
  {
    "cluster_id": "cluster_61",
    "synonyms": [
      {
        "id": "ENT_000461",
        "text": "Babesia canis"
      },
      {
        "id": "ENT_000467",
        "text": "Babesia vulpes"
      }
    ]
  },
  {
    "cluster_id": "cluster_64",
    "synonyms": [
      {
        "id": "ENT_000472",
        "text": "Dermacentor ticks"
      },
      {
        "id": "ENT_001577",
        "text": "Dermacentor variabilis"
      }
    ]
  },
  {
    "cluster_id": "cluster_74",
    "synonyms": [
      {
        "id": "ENT_000582",
        "text": "Campylobacter jejuni"
      },
      {
        "id": "ENT_000583",
        "text": "Campylobacter coli"
      },
      {
        "id": "ENT_000584",
        "text": "Campylobacter upsaliensis"
      },
      {
        "id": "ENT_000585",
        "text": "Campylobacter helveticus"
      }
    ]
  },
  {
    "cluster_id": "cluster_79",
    "synonyms": [
      {
        "id": "ENT_001128",
        "text": "Brucellosis"
      }
    ]
  },
  {
    "cluster_id": "cluster_212",
    "synonyms": [
      {
        "id": "ENT_002778",
        "text": "Hemoplasmas"
      },
      {
        "id": "ENT_002779",
        "text": "hemotropic mycoplasmas"
      }
    ]
  },
  {
    "cluster_id": "cluster_92",
    "synonyms": [
      {
        "id": "ENT_000815",
        "text": "canine coronavirus"
      },
      {
        "id": "ENT_000880",
        "text": "Canine enteric coronavirus"
      }
    ]
  },
  {
    "cluster_id": "cluster_93",
    "synonyms": [
      {
        "id": "ENT_000816",
        "text": "canine reoviruses"
      },
      {
        "id": "ENT_001986",
        "text": "Reoviruses"
      }
    ]
  },
  {
    "cluster_id": "cluster_95",
    "synonyms": [
      {
        "id": "ENT_000876",
        "text": "CPV-2a"
      },
      {
        "id": "ENT_000877",
        "text": "CPV-2b"
      },
      {
        "id": "ENT_000878",
        "text": "CPV-2c"
      }
    ]
  },
  {
    "cluster_id": "cluster_109",
    "synonyms": [
      {
        "id": "ENT_002108",
        "text": "Streptococcus spp."
      },
      {
        "id": "ENT_003912",
        "text": "Streptococcus species"
      }
    ]
  },
  {
    "cluster_id": "cluster_112",
    "synonyms": [
      {
        "id": "ENT_001109",
        "text": "Klebsiella spp."
      },
      {
        "id": "ENT_004385",
        "text": "Klebsiella spp"
      }
    ]
  },
  {
    "cluster_id": "cluster_113",
    "synonyms": [
      {
        "id": "ENT_001110",
        "text": "Canine adenovirus 1"
      },
      {
        "id": "ENT_003516",
        "text": "canine adenovirus type 1"
      },
      {
        "id": "ENT_005023",
        "text": "canine adenovirus"
      }
    ]
  },
  {
    "cluster_id": "cluster_116",
    "synonyms": [
      {
        "id": "ENT_001129",
        "text": "Leptospirosis"
      },
      {
        "id": "ENT_003728",
        "text": "Leptospira"
      }
    ]
  },
  {
    "cluster_id": "cluster_120",
    "synonyms": [
      {
        "id": "ENT_001493",
        "text": "Cryptococcus neoformans"
      },
      {
        "id": "ENT_001494",
        "text": "Cryptococcus gattii"
      }
    ]
  },
  {
    "cluster_id": "cluster_121",
    "synonyms": [
      {
        "id": "ENT_003374",
        "text": "Histoplasma"
      },
      {
        "id": "ENT_003915",
        "text": "Histoplasma capsulatum"
      },
      {
        "id": "ENT_003037",
        "text": "Histoplasma capsulatum var capsulatum"
      }
    ]
  },
  {
    "cluster_id": "cluster_122",
    "synonyms": [
      {
        "id": "ENT_001135",
        "text": "Tuberculosis"
      },
      {
        "id": "ENT_005207",
        "text": "Mycobacterium tuberculosis complex"
      }
    ]
  },
  {
    "cluster_id": "cluster_123",
    "synonyms": [
      {
        "id": "ENT_001136",
        "text": "Mycobacterium avium complex"
      },
      {
        "id": "ENT_005211",
        "text": "M. avium"
      }
    ]
  },
  {
    "cluster_id": "cluster_124",
    "synonyms": [
      {
        "id": "ENT_001193",
        "text": "Feline coronavirus"
      },
      {
        "id": "ENT_001985",
        "text": "Feline infectious peritonitis virus"
      },
      {
        "id": "ENT_004379",
        "text": "FIP virus"
      }
    ]
  },
  {
    "cluster_id": "cluster_126",
    "synonyms": [
      {
        "id": "ENT_001196",
        "text": "Calicivirus"
      },
      {
        "id": "ENT_001977",
        "text": "Feline calicivirus"
      }
    ]
  },
  {
    "cluster_id": "cluster_130",
    "synonyms": [
      {
        "id": "ENT_001230",
        "text": "Trauma"
      },
      {
        "id": "ENT_002446",
        "text": "Traumatic injuries"
      }
    ]
  },
  {
    "cluster_id": "cluster_135",
    "synonyms": [
      {
        "id": "ENT_001235",
        "text": "Heartworm infestation"
      },
      {
        "id": "ENT_001669",
        "text": "Dirofilaria immitis"
      },
      {
        "id": "ENT_001670",
        "text": "heartworm"
      },
      {
        "id": "ENT_003482",
        "text": "heartworm disease"
      }
    ]
  },
  {
    "cluster_id": "cluster_141",
    "synonyms": [
      {
        "id": "ENT_001346",
        "text": "Borrelia"
      },
      {
        "id": "ENT_003782",
        "text": "Borrelia burgdorferi"
      }
    ]
  },
  {
    "cluster_id": "cluster_142",
    "synonyms": [
      {
        "id": "ENT_001347",
        "text": "Anticoagulant rodenticides"
      },
      {
        "id": "ENT_002751",
        "text": "Rodenticide poisoning"
      },
      {
        "id": "ENT_002862",
        "text": "anticoagulant rodenticide ingestion"
      }
    ]
  },
  {
    "cluster_id": "cluster_169",
    "synonyms": [
      {
        "id": "ENT_001779",
        "text": "Foreign bodies"
      },
      {
        "id": "ENT_002474",
        "text": "gastric foreign bodies"
      },
      {
        "id": "ENT_002526",
        "text": "non-digestible objects"
      },
      {
        "id": "ENT_003634",
        "text": "Foreign objects"
      }
    ]
  },
  {
    "cluster_id": "cluster_176",
    "synonyms": [
      {
        "id": "ENT_001981",
        "text": "feline herpesvirus-1"
      },
      {
        "id": "ENT_002054",
        "text": "Feline herpesvirus type 1"
      },
      {
        "id": "ENT_002055",
        "text": "FHV-1"
      },
      {
        "id": "ENT_002104",
        "text": "feline herpesvirus"
      }
    ]
  },
  {
    "cluster_id": "cluster_192",
    "synonyms": [
      {
        "id": "ENT_004820",
        "text": "methicillin-resistant Staphylococcus pseudintermedius"
      },
      {
        "id": "ENT_004821",
        "text": "MRSP"
      }
    ]
  },
  {
    "cluster_id": "cluster_227",
    "synonyms": [
      {
        "id": "ENT_003125",
        "text": "Nocardia"
      },
      {
        "id": "ENT_004388",
        "text": "Nocardia spp"
      }
    ]
  },
  {
    "cluster_id": "cluster_240",
    "synonyms": [
      {
        "id": "ENT_003375",
        "text": "Pythium"
      },
      {
        "id": "ENT_004637",
        "text": "Pythium insidiosum"
      }
    ]
  },
  {
    "cluster_id": "cluster_246",
    "synonyms": [
      {
        "id": "ENT_003439",
        "text": "Viruses"
      },
      {
        "id": "ENT_004165",
        "text": "Viral infections"
      }
    ]
  },
  {
    "cluster_id": "cluster_250",
    "synonyms": [
      {
        "id": "ENT_003479",
        "text": "leishmaniasis"
      },
      {
        "id": "ENT_003701",
        "text": "Leishmania"
      }
    ]
  },
  {
    "cluster_id": "cluster_254",
    "synonyms": [
      {
        "id": "ENT_003575",
        "text": "Tritrichomonas"
      },
      {
        "id": "ENT_005097",
        "text": "Tritrichomonas blagburni"
      }
    ]
  },
  {
    "cluster_id": "cluster_265",
    "synonyms": [
      {
        "id": "ENT_003729",
        "text": "Leptospira interrogans serovar Canicola"
      },
      {
        "id": "ENT_003730",
        "text": "Leptospira interrogans serovar Icterohaemorrhagiae"
      }
    ]
  },
  {
    "cluster_id": "cluster_278",
    "synonyms": [
      {
        "id": "ENT_003913",
        "text": "anaerobic bacteria"
      },
      {
        "id": "ENT_004606",
        "text": "mixed anaerobes"
      }
    ]
  },
  {
    "cluster_id": "cluster_282",
    "synonyms": [
      {
        "id": "ENT_004015",
        "text": "Eucoleus boehmi"
      },
      {
        "id": "ENT_004016",
        "text": "Capillaria boehmi"
      }
    ]
  },
  {
    "cluster_id": "cluster_290",
    "synonyms": [
      {
        "id": "ENT_004252",
        "text": "Paragonimus"
      },
      {
        "id": "ENT_004253",
        "text": "Paragonimus kellicotti"
      },
      {
        "id": "ENT_004254",
        "text": "Paragonimus westermani"
      }
    ]
  },
  {
    "cluster_id": "cluster_307",
    "synonyms": [
      {
        "id": "ENT_004437",
        "text": "Physaloptera"
      },
      {
        "id": "ENT_004439",
        "text": "Physaloptera rara"
      }
    ]
  },
  {
    "cluster_id": "cluster_325",
    "synonyms": [
      {
        "id": "ENT_004818",
        "text": "methicillin-resistant Staphylococcus aureus"
      },
      {
        "id": "ENT_004819",
        "text": "MRSA"
      }
    ]
  },
  {
    "cluster_id": "cluster_348",
    "synonyms": [
      {
        "id": "ENT_005167",
        "text": "Neotrombicula autumnalis"
      },
      {
        "id": "ENT_005170",
        "text": "Trombicula autumnalis"
      }
    ]
  },
  {
    "cluster_id": "cluster_349",
    "synonyms": [
      {
        "id": "ENT_005168",
        "text": "Eutrombicula alfreddugesi"
      },
      {
        "id": "ENT_005169",
        "text": "Eutrombicula sarcina"
      }
    ]
  }
]