[
  {
    "cluster_id": "cluster_2",
    "synonyms": [
      {
        "id": "ENT_000019",
        "text": "Supportive care"
      },
      {
        "id": "ENT_003341",
        "text": "Supportive nursing care"
      }
    ]
  },
  {
    "cluster_id": "cluster_259",
    "synonyms": [
      {
        "id": "ENT_000792",
        "text": "IV fluids"
      },
      {
        "id": "ENT_001049",
        "text": "Intravenous fluid therapy"
      },
      {
        "id": "ENT_002723",
        "text": "Intravenous fluids"
      }
    ]
  },
  {
    "cluster_id": "cluster_4",
    "synonyms": [
      {
        "id": "ENT_000061",
        "text": "anti-inflammatory drugs"
      },
      {
        "id": "ENT_000572",
        "text": "Anti-inflammatory medications"
      }
    ]
  },
  {
    "cluster_id": "cluster_5",
    "synonyms": [
      {
        "id": "ENT_000062",
        "text": "antibiotics"
      },
      {
        "id": "ENT_000793",
        "text": "antimicrobials"
      }
    ]
  },
  {
    "cluster_id": "cluster_6",
    "synonyms": [
      {
        "id": "ENT_000063",
        "text": "surgical correction"
      },
      {
        "id": "ENT_003937",
        "text": "surgical repair"
      }
    ]
  },
  {
    "cluster_id": "cluster_8",
    "synonyms": [
      {
        "id": "ENT_001759",
        "text": "Dietary modification"
      },
      {
        "id": "ENT_002981",
        "text": "dietary modifications"
      }
    ]
  },
  {
    "cluster_id": "cluster_268",
    "synonyms": [
      {
        "id": "ENT_000117",
        "text": "Metronidazole"
      },
      {
        "id": "ENT_002667",
        "text": "ronidazole"
      },
      {
        "id": "ENT_005114",
        "text": "Tinidazole"
      }
    ]
  },
  {
    "cluster_id": "cluster_13",
    "synonyms": [
      {
        "id": "ENT_000120",
        "text": "Glucocorticoids"
      },
      {
        "id": "ENT_001162",
        "text": "Corticosteroids"
      }
    ]
  },
  {
    "cluster_id": "cluster_14",
    "synonyms": [
      {
        "id": "ENT_000121",
        "text": "Immunosuppressive drugs"
      },
      {
        "id": "ENT_001001",
        "text": "Immunosuppressive medications"
      },
      {
        "id": "ENT_005007",
        "text": "immunosuppressants"
      }
    ]
  },
  {
    "cluster_id": "cluster_15",
    "synonyms": [
      {
        "id": "ENT_000122",
        "text": "Probiotics"
      },
      {
        "id": "ENT_004811",
        "text": "Probiotic supplementation"
      }
    ]
  },
  {
    "cluster_id": "cluster_18",
    "synonyms": [
      {
        "id": "ENT_000144",
        "text": "antiemetics"
      },
      {
        "id": "ENT_000891",
        "text": "anti-emetic medications"
      },
      {
        "id": "ENT_002044",
        "text": "Anti-emetics"
      },
      {
        "id": "ENT_002315",
        "text": "antiemetic medications"
      }
    ]
  },
  {
    "cluster_id": "cluster_25",
    "synonyms": [
      {
        "id": "ENT_000531",
        "text": "H2 blockers"
      },
      {
        "id": "ENT_001804",
        "text": "H2-receptor antagonists"
      }
    ]
  },
  {
    "cluster_id": "cluster_26",
    "synonyms": [
      {
        "id": "ENT_001756",
        "text": "Proton pump inhibitors"
      },
      {
        "id": "ENT_002579",
        "text": "proton pump inhibitor therapy"
      }
    ]
  },
  {
    "cluster_id": "cluster_41",
    "synonyms": [
      {
        "id": "ENT_000338",
        "text": "pain medication"
      },
      {
        "id": "ENT_000604",
        "text": "pain medications"
      }
    ]
  },
  {
    "cluster_id": "cluster_30",
    "synonyms": [
      {
        "id": "ENT_000244",
        "text": "imidacloprid/moxidectin"
      },
      {
        "id": "ENT_004039",
        "text": "Imidacloprid 10%/moxidectin 2.5%"
      }
    ]
  },
  {
    "cluster_id": "cluster_31",
    "synonyms": [
      {
        "id": "ENT_000245",
        "text": "emodepside/praziquantel"
      }
    ]
  },
  {
    "cluster_id": "cluster_34",
    "synonyms": [
      {
        "id": "ENT_000292",
        "text": "penicillins"
      },
      {
        "id": "ENT_001327",
        "text": "ampicillin"
      }
    ]
  },
  {
    "cluster_id": "cluster_35",
    "synonyms": [
      {
        "id": "ENT_000293",
        "text": "cephalosporins"
      },
      {
        "id": "ENT_004849",
        "text": "cephalexin"
      }
    ]
  },
  {
    "cluster_id": "cluster_39",
    "synonyms": [
      {
        "id": "ENT_000298",
        "text": "debridement"
      },
      {
        "id": "ENT_004335",
        "text": "Wound debridement"
      }
    ]
  },
  {
    "cluster_id": "cluster_43",
    "synonyms": [
      {
        "id": "ENT_000374",
        "text": "milbemycin oxime"
      },
      {
        "id": "ENT_000451",
        "text": "Milbemycin"
      }
    ]
  },
  {
    "cluster_id": "cluster_47",
    "synonyms": [
      {
        "id": "ENT_000380",
        "text": "nutritional supplementation"
      },
      {
        "id": "ENT_000892",
        "text": "nutritional support"
      },
      {
        "id": "ENT_003556",
        "text": "nutrition support"
      }
    ]
  },
  {
    "cluster_id": "cluster_53",
    "synonyms": [
      {
        "id": "ENT_000493",
        "text": "Atovaquone and azithromycin"
      },
      {
        "id": "ENT_001593",
        "text": "atovaquone-azithromycin"
      }
    ]
  },
  {
    "cluster_id": "cluster_275",
    "synonyms": [
      {
        "id": "ENT_000494",
        "text": "Blood transfusions"
      },
      {
        "id": "ENT_002887",
        "text": "blood transfusion"
      },
      {
        "id": "ENT_001370",
        "text": "Plasma transfusions"
      },
      {
        "id": "ENT_000605",
        "text": "plasma transfusion"
      }
    ]
  },
  {
    "cluster_id": "cluster_55",
    "synonyms": [
      {
        "id": "ENT_000495",
        "text": "Oxygen therapy"
      },
      {
        "id": "ENT_000571",
        "text": "Oxygen supplementation"
      },
      {
        "id": "ENT_002134",
        "text": "supplemental oxygen"
      }
    ]
  },
  {
    "cluster_id": "cluster_59",
    "synonyms": [
      {
        "id": "ENT_000532",
        "text": "prokinetic agents"
      },
      {
        "id": "ENT_001757",
        "text": "Prokinetic drugs"
      }
    ]
  },
  {
    "cluster_id": "cluster_67",
    "synonyms": [
      {
        "id": "ENT_000600",
        "text": "quinolones"
      },
      {
        "id": "ENT_000851",
        "text": "fluoroquinolones"
      }
    ]
  },
  {
    "cluster_id": "cluster_108",
    "synonyms": [
      {
        "id": "ENT_001004",
        "text": "Ursodeoxycholic acid"
      },
      {
        "id": "ENT_001481",
        "text": "ursodiol"
      }
    ]
  },
  {
    "cluster_id": "cluster_110",
    "synonyms": [
      {
        "id": "ENT_001050",
        "text": "Feeding tube placement"
      },
      {
        "id": "ENT_001810",
        "text": "Feeding tube"
      }
    ]
  },
  {
    "cluster_id": "cluster_111",
    "synonyms": [
      {
        "id": "ENT_001051",
        "text": "Broad-spectrum antibiotics"
      },
      {
        "id": "ENT_004627",
        "text": "broad-spectrum antibiotic therapy"
      }
    ]
  },
  {
    "cluster_id": "cluster_112",
    "synonyms": [
      {
        "id": "ENT_001052",
        "text": "Enrofloxacin"
      },
      {
        "id": "ENT_001957",
        "text": "pradofloxacin"
      }
    ]
  },
  {
    "cluster_id": "cluster_117",
    "synonyms": [
      {
        "id": "ENT_001088",
        "text": "Silymarin"
      },
      {
        "id": "ENT_002923",
        "text": "Milk Thistle"
      }
    ]
  },
  {
    "cluster_id": "cluster_118",
    "synonyms": [
      {
        "id": "ENT_001161",
        "text": "Antifungal medications"
      },
      {
        "id": "ENT_001507",
        "text": "Fluconazole"
      }
    ]
  },
  {
    "cluster_id": "cluster_122",
    "synonyms": [
      {
        "id": "ENT_001165",
        "text": "Penicillamine"
      },
      {
        "id": "ENT_001477",
        "text": "D-penicillamine"
      }
    ]
  },
  {
    "cluster_id": "cluster_129",
    "synonyms": [
      {
        "id": "ENT_001213",
        "text": "Monitoring"
      },
      {
        "id": "ENT_003228",
        "text": "Regular monitoring"
      }
    ]
  },
  {
    "cluster_id": "cluster_134",
    "synonyms": [
      {
        "id": "ENT_001254",
        "text": "Pleuroperitoneal shunt"
      },
      {
        "id": "ENT_003154",
        "text": "Pleural-peritoneal shunting"
      }
    ]
  },
  {
    "cluster_id": "cluster_142",
    "synonyms": [
      {
        "id": "ENT_001331",
        "text": "high-fiber diet"
      },
      {
        "id": "ENT_004203",
        "text": "high-protein, high-fiber diet"
      }
    ]
  },
  {
    "cluster_id": "cluster_150",
    "synonyms": [
      {
        "id": "ENT_001411",
        "text": "sulfaguanidine"
      },
      {
        "id": "ENT_004120",
        "text": "sulfonamides"
      }
    ]
  },
  {
    "cluster_id": "cluster_181",
    "synonyms": [
      {
        "id": "ENT_001718",
        "text": "surgical resection"
      },
      {
        "id": "ENT_002267",
        "text": "surgical removal"
      },
      {
        "id": "ENT_004596",
        "text": "surgical excision"
      }
    ]
  },
  {
    "cluster_id": "cluster_188",
    "synonyms": [
      {
        "id": "ENT_001758",
        "text": "Gastrostomy tube"
      },
      {
        "id": "ENT_002629",
        "text": "percutaneous endoscopic gastrostomy"
      }
    ]
  },
  {
    "cluster_id": "cluster_333",
    "synonyms": [
      {
        "id": "ENT_003559",
        "text": "IV antibiotics"
      },
      {
        "id": "ENT_003938",
        "text": "intravenous antibiotics"
      }
    ]
  },
  {
    "cluster_id": "cluster_204",
    "synonyms": [
      {
        "id": "ENT_001876",
        "text": "vitamin K supplementation"
      },
      {
        "id": "ENT_002926",
        "text": "Vitamin K supplements"
      }
    ]
  },
  {
    "cluster_id": "cluster_210",
    "synonyms": [
      {
        "id": "ENT_001961",
        "text": "rifampin"
      },
      {
        "id": "ENT_005234",
        "text": "Rifampicin"
      }
    ]
  },
  {
    "cluster_id": "cluster_215",
    "synonyms": [
      {
        "id": "ENT_002016",
        "text": "Topical eye antibiotics"
      },
      {
        "id": "ENT_002357",
        "text": "Topical ocular medications"
      }
    ]
  },
  {
    "cluster_id": "cluster_220",
    "synonyms": [
      {
        "id": "ENT_002073",
        "text": "Anti-viral medications"
      },
      {
        "id": "ENT_002162",
        "text": "antiviral drugs"
      },
      {
        "id": "ENT_002398",
        "text": "Antiviral medications"
      }
    ]
  },
  {
    "cluster_id": "cluster_222",
    "synonyms": [
      {
        "id": "ENT_002076",
        "text": "Lysine supplements"
      },
      {
        "id": "ENT_002399",
        "text": "L-lysine supplements"
      }
    ]
  },
  {
    "cluster_id": "cluster_251",
    "synonyms": [
      {
        "id": "ENT_002425",
        "text": "anti-seizure drugs"
      },
      {
        "id": "ENT_003343",
        "text": "Anticonvulsant medications"
      }
    ]
  },
  {
    "cluster_id": "cluster_261",
    "synonyms": [
      {
        "id": "ENT_002544",
        "text": "endoscopic retrieval"
      },
      {
        "id": "ENT_003628",
        "text": "endoscopic removal"
      },
      {
        "id": "ENT_004462",
        "text": "physical removal via endoscopy"
      }
    ]
  },
  {
    "cluster_id": "cluster_262",
    "synonyms": [
      {
        "id": "ENT_002545",
        "text": "intestinal resection"
      },
      {
        "id": "ENT_003689",
        "text": "resection and anastomosis"
      }
    ]
  },
  {
    "cluster_id": "cluster_265",
    "synonyms": [
      {
        "id": "ENT_002583",
        "text": "peritoneal drainage"
      },
      {
        "id": "ENT_004418",
        "text": "Abdominal drainage"
      }
    ]
  },
  {
    "cluster_id": "cluster_281",
    "synonyms": [
      {
        "id": "ENT_002888",
        "text": "thoracocentesis"
      },
      {
        "id": "ENT_004530",
        "text": "therapeutic thoracocentesis"
      }
    ]
  },
  {
    "cluster_id": "cluster_282",
    "synonyms": [
      {
        "id": "ENT_003941",
        "text": "thoracostomy tubes"
      },
      {
        "id": "ENT_004532",
        "text": "pleural drainage"
      }
    ]
  },
  {
    "cluster_id": "cluster_290",
    "synonyms": [
      {
        "id": "ENT_003024",
        "text": "trimethoprim/sulfa"
      },
      {
        "id": "ENT_004330",
        "text": "Trimethoprim/sulfamethoxazole"
      },
      {
        "id": "ENT_004852",
        "text": "potentiated sulfa drugs"
      },
      {
        "id": "ENT_005056",
        "text": "trimethoprim-sulfonamide"
      }
    ]
  },
  {
    "cluster_id": "cluster_311",
    "synonyms": [
      {
        "id": "ENT_003280",
        "text": "intravenous dextrose"
      },
      {
        "id": "ENT_003338",
        "text": "Intravenous dextrose bolus"
      }
    ]
  },
  {
    "cluster_id": "cluster_319",
    "synonyms": [
      {
        "id": "ENT_003395",
        "text": "Vitamin B12 supplementation"
      },
      {
        "id": "ENT_004812",
        "text": "Cobalamin supplementation"
      }
    ]
  },
  {
    "cluster_id": "cluster_328",
    "synonyms": [
      {
        "id": "ENT_003501",
        "text": "human intravenous immunoglobulin"
      },
      {
        "id": "ENT_004967",
        "text": "Intravenous human immunoglobulin"
      }
    ]
  },
  {
    "cluster_id": "cluster_360",
    "synonyms": [
      {
        "id": "ENT_003972",
        "text": "emergency exploratory laparotomy"
      },
      {
        "id": "ENT_004416",
        "text": "Exploratory laparotomy"
      }
    ]
  },
  {
    "cluster_id": "cluster_377",
    "synonyms": [
      {
        "id": "ENT_004331",
        "text": "Cefuroxime"
      },
      {
        "id": "ENT_004850",
        "text": "cefpodoxime"
      }
    ]
  }
]