[
  {
    "cluster_id": "cluster_1",
    "synonyms": [
      {
        "id": "ENT_000006",
        "text": "Abscesses"
      },
      {
        "id": "ENT_004301",
        "text": "Abscess formation"
      }
    ]
  },
  {
    "cluster_id": "cluster_25",
    "synonyms": [
      {
        "id": "ENT_000199",
        "text": "Abdominal pain"
      },
      {
        "id": "ENT_000039",
        "text": "intense abdominal pain"
      },
      {
        "id": "ENT_000155",
        "text": "abdominal discomfort"
      },
      {
        "id": "ENT_001395",
        "text": "abdominal distress"
      },
      {
        "id": "ENT_002846",
        "text": "painful abdomen"
      }
    ]
  },
  {
    "cluster_id": "cluster_8",
    "synonyms": [
      {
        "id": "ENT_000043",
        "text": "diarrhea"
      },
      {
        "id": "ENT_000589",
        "text": "watery diarrhea"
      }
    ]
  },
  {
    "cluster_id": "cluster_9",
    "synonyms": [
      {
        "id": "ENT_000044",
        "text": "pale mucous membranes"
      },
      {
        "id": "ENT_000362",
        "text": "pale gums"
      },
      {
        "id": "ENT_000476",
        "text": "Pale gums and mucous membranes"
      },
      {
        "id": "ENT_002745",
        "text": "Pale or abnormally colored mucous membranes"
      },
      {
        "id": "ENT_003442",
        "text": "Pale or white mucous membranes"
      }
    ]
  },
  {
    "cluster_id": "cluster_252",
    "synonyms": [
      {
        "id": "ENT_000045",
        "text": "tachycardia"
      },
      {
        "id": "ENT_002696",
        "text": "Fast heart rate"
      },
      {
        "id": "ENT_002742",
        "text": "Faster than normal heart rate"
      },
      {
        "id": "ENT_003447",
        "text": "Increased heart rate"
      },
      {
        "id": "ENT_003961",
        "text": "rapid heart rate"
      }
    ]
  },
  {
    "cluster_id": "cluster_293",
    "synonyms": [
      {
        "id": "ENT_000046",
        "text": "tachypnea"
      },
      {
        "id": "ENT_002113",
        "text": "increased respiratory rate"
      },
      {
        "id": "ENT_002445",
        "text": "Rapid, shallow breathing"
      },
      {
        "id": "ENT_002741",
        "text": "Rapid breathing"
      }
    ]
  },
  {
    "cluster_id": "cluster_12",
    "synonyms": [
      {
        "id": "ENT_000047",
        "text": "distended abdomen"
      },
      {
        "id": "ENT_000481",
        "text": "Enlarged or swollen abdomen"
      },
      {
        "id": "ENT_000774",
        "text": "abdominal distension"
      },
      {
        "id": "ENT_001460",
        "text": "abdominal swelling"
      },
      {
        "id": "ENT_002478",
        "text": "abdominal distention"
      }
    ]
  },
  {
    "cluster_id": "cluster_16",
    "synonyms": [
      {
        "id": "ENT_000098",
        "text": "Straining"
      },
      {
        "id": "ENT_002525",
        "text": "straining to defecate"
      }
    ]
  },
  {
    "cluster_id": "cluster_19",
    "synonyms": [
      {
        "id": "ENT_000102",
        "text": "Lethargy"
      },
      {
        "id": "ENT_003643",
        "text": "Weakness/lethargy"
      }
    ]
  },
  {
    "cluster_id": "cluster_136",
    "synonyms": [
      {
        "id": "ENT_000106",
        "text": "Fresh blood in stool"
      },
      {
        "id": "ENT_000591",
        "text": "blood in stool"
      },
      {
        "id": "ENT_002005",
        "text": "bloody stool"
      },
      {
        "id": "ENT_004987",
        "text": "blood in the stool"
      },
      {
        "id": "ENT_000360",
        "text": "melena"
      },
      {
        "id": "ENT_003491",
        "text": "black, tarry stools"
      },
      {
        "id": "ENT_000870",
        "text": "bloody diarrhea"
      },
      {
        "id": "ENT_002814",
        "text": "severe bloody diarrhea"
      },
      {
        "id": "ENT_003958",
        "text": "high-volume bloody diarrhea"
      }
    ]
  },
  {
    "cluster_id": "cluster_30",
    "synonyms": [
      {
        "id": "ENT_000197",
        "text": "Fever"
      },
      {
        "id": "ENT_002297",
        "text": "high fever"
      }
    ]
  },
  {
    "cluster_id": "cluster_32",
    "synonyms": [
      {
        "id": "ENT_000201",
        "text": "Decreased appetite"
      },
      {
        "id": "ENT_000318",
        "text": "poor appetite"
      },
      {
        "id": "ENT_000475",
        "text": "Lack of appetite"
      },
      {
        "id": "ENT_000729",
        "text": "Loss of appetite"
      },
      {
        "id": "ENT_002793",
        "text": "reduced appetite"
      }
    ]
  },
  {
    "cluster_id": "cluster_33",
    "synonyms": [
      {
        "id": "ENT_000227",
        "text": "coughing"
      },
      {
        "id": "ENT_000777",
        "text": "cough"
      }
    ]
  },
  {
    "cluster_id": "cluster_34",
    "synonyms": [
      {
        "id": "ENT_000228",
        "text": "sneezing"
      },
      {
        "id": "ENT_001551",
        "text": "violent sneezing"
      }
    ]
  },
  {
    "cluster_id": "cluster_111",
    "synonyms": [
      {
        "id": "ENT_000229",
        "text": "nasal discharge"
      },
      {
        "id": "ENT_000826",
        "text": "runny nose"
      }
    ]
  },
  {
    "cluster_id": "cluster_36",
    "synonyms": [
      {
        "id": "ENT_000230",
        "text": "dyspnea"
      },
      {
        "id": "ENT_004550",
        "text": "Difficulty breathing (dyspnea)"
      }
    ]
  },
  {
    "cluster_id": "cluster_37",
    "synonyms": [
      {
        "id": "ENT_000231",
        "text": "respiratory distress"
      },
      {
        "id": "ENT_002096",
        "text": "acute respiratory distress"
      }
    ]
  },
  {
    "cluster_id": "cluster_38",
    "synonyms": [
      {
        "id": "ENT_000232",
        "text": "wheezing"
      },
      {
        "id": "ENT_000678",
        "text": "wheezes"
      }
    ]
  },
  {
    "cluster_id": "cluster_52",
    "synonyms": [
      {
        "id": "ENT_000323",
        "text": "petechiae"
      },
      {
        "id": "ENT_003529",
        "text": "petechiae of the oral mucosa"
      }
    ]
  },
  {
    "cluster_id": "cluster_53",
    "synonyms": [
      {
        "id": "ENT_000324",
        "text": "bloody nose"
      },
      {
        "id": "ENT_003489",
        "text": "bleeding from the nose or mouth"
      }
    ]
  },
  {
    "cluster_id": "cluster_56",
    "synonyms": [
      {
        "id": "ENT_000327",
        "text": "wobbly gait"
      },
      {
        "id": "ENT_002906",
        "text": "unstable or uncoordinated walk"
      }
    ]
  },
  {
    "cluster_id": "cluster_57",
    "synonyms": [
      {
        "id": "ENT_000328",
        "text": "seizures"
      },
      {
        "id": "ENT_001649",
        "text": "convulsions"
      }
    ]
  },
  {
    "cluster_id": "cluster_58",
    "synonyms": [
      {
        "id": "ENT_000329",
        "text": "thrombocytopenia"
      },
      {
        "id": "ENT_003477",
        "text": "low platelet count"
      }
    ]
  },
  {
    "cluster_id": "cluster_59",
    "synonyms": [
      {
        "id": "ENT_000357",
        "text": "inappetence"
      },
      {
        "id": "ENT_003259",
        "text": "inappetent"
      }
    ]
  },
  {
    "cluster_id": "cluster_60",
    "synonyms": [
      {
        "id": "ENT_000359",
        "text": "weakness"
      },
      {
        "id": "ENT_003179",
        "text": "muscle weakness"
      }
    ]
  },
  {
    "cluster_id": "cluster_374",
    "synonyms": [
      {
        "id": "ENT_000366",
        "text": "thin, dull coat"
      },
      {
        "id": "ENT_000429",
        "text": "Poor coat quality"
      },
      {
        "id": "ENT_003182",
        "text": "dull, rough hair coat"
      },
      {
        "id": "ENT_003416",
        "text": "Dull, dry coat"
      }
    ]
  },
  {
    "cluster_id": "cluster_368",
    "synonyms": [
      {
        "id": "ENT_000411",
        "text": "Pruritus"
      },
      {
        "id": "ENT_001616",
        "text": "itchiness"
      }
    ]
  },
  {
    "cluster_id": "cluster_76",
    "synonyms": [
      {
        "id": "ENT_000478",
        "text": "Enlarged lymph nodes or spleen"
      },
      {
        "id": "ENT_004989",
        "text": "enlarged spleen"
      }
    ]
  },
  {
    "cluster_id": "cluster_78",
    "synonyms": [
      {
        "id": "ENT_000480",
        "text": "Jaundice"
      },
      {
        "id": "ENT_001852",
        "text": "icterus"
      }
    ]
  },
  {
    "cluster_id": "cluster_82",
    "synonyms": [
      {
        "id": "ENT_000486",
        "text": "Respiratory signs"
      },
      {
        "id": "ENT_000714",
        "text": "Respiratory symptoms"
      }
    ]
  },
  {
    "cluster_id": "cluster_85",
    "synonyms": [
      {
        "id": "ENT_000520",
        "text": "excessive drooling"
      },
      {
        "id": "ENT_001741",
        "text": "Drooling"
      },
      {
        "id": "ENT_002383",
        "text": "Excessive salivation"
      }
    ]
  },
  {
    "cluster_id": "cluster_86",
    "synonyms": [
      {
        "id": "ENT_000521",
        "text": "licking of the lips"
      },
      {
        "id": "ENT_001790",
        "text": "Excessive lip licking"
      }
    ]
  },
  {
    "cluster_id": "cluster_88",
    "synonyms": [
      {
        "id": "ENT_000555",
        "text": "Exercise intolerance"
      },
      {
        "id": "ENT_001675",
        "text": "reduced exercise tolerance"
      }
    ]
  },
  {
    "cluster_id": "cluster_91",
    "synonyms": [
      {
        "id": "ENT_000558",
        "text": "Panting"
      },
      {
        "id": "ENT_002691",
        "text": "Excessive panting"
      }
    ]
  },
  {
    "cluster_id": "cluster_96",
    "synonyms": [
      {
        "id": "ENT_000632",
        "text": "Late-term abortion"
      },
      {
        "id": "ENT_000785",
        "text": "abortion"
      }
    ]
  },
  {
    "cluster_id": "cluster_100",
    "synonyms": [
      {
        "id": "ENT_000639",
        "text": "Uveitis"
      },
      {
        "id": "ENT_003524",
        "text": "anterior uveitis"
      }
    ]
  },
  {
    "cluster_id": "cluster_103",
    "synonyms": [
      {
        "id": "ENT_000660",
        "text": "dry or harsh cough"
      },
      {
        "id": "ENT_000817",
        "text": "harsh, dry cough"
      }
    ]
  },
  {
    "cluster_id": "cluster_321",
    "synonyms": [
      {
        "id": "ENT_000664",
        "text": "breathing difficulties"
      },
      {
        "id": "ENT_002694",
        "text": "Distressed breathing"
      },
      {
        "id": "ENT_004305",
        "text": "Difficult respiration"
      }
    ]
  },
  {
    "cluster_id": "cluster_224",
    "synonyms": [
      {
        "id": "ENT_001944",
        "text": "neurological dysfunction"
      },
      {
        "id": "ENT_002152",
        "text": "neurological abnormalities"
      }
    ]
  },
  {
    "cluster_id": "cluster_188",
    "synonyms": [
      {
        "id": "ENT_000724",
        "text": "Muscle twitching"
      },
      {
        "id": "ENT_002175",
        "text": "tremors"
      },
      {
        "id": "ENT_002411",
        "text": "rippling or twitching of the skin"
      },
      {
        "id": "ENT_002700",
        "text": "Muscle tremors"
      }
    ]
  },
  {
    "cluster_id": "cluster_131",
    "synonyms": [
      {
        "id": "ENT_000818",
        "text": "goose honk cough"
      },
      {
        "id": "ENT_001439",
        "text": "Goose-honking cough"
      }
    ]
  },
  {
    "cluster_id": "cluster_142",
    "synonyms": [
      {
        "id": "ENT_000913",
        "text": "Failure to grow or gain weight"
      },
      {
        "id": "ENT_004786",
        "text": "Failure to gain weight"
      }
    ]
  },
  {
    "cluster_id": "cluster_146",
    "synonyms": [
      {
        "id": "ENT_000943",
        "text": "Hypovolemia"
      },
      {
        "id": "ENT_002849",
        "text": "hypovolemic shock"
      }
    ]
  },
  {
    "cluster_id": "cluster_149",
    "synonyms": [
      {
        "id": "ENT_000948",
        "text": "Muffled heart and lung sounds"
      },
      {
        "id": "ENT_002443",
        "text": "Decreased lung sounds"
      },
      {
        "id": "ENT_002877",
        "text": "dull breathing sounds"
      }
    ]
  },
  {
    "cluster_id": "cluster_151",
    "synonyms": [
      {
        "id": "ENT_001022",
        "text": "Increased thirst"
      },
      {
        "id": "ENT_003525",
        "text": "thirst"
      },
      {
        "id": "ENT_004765",
        "text": "polydipsia"
      }
    ]
  },
  {
    "cluster_id": "cluster_153",
    "synonyms": [
      {
        "id": "ENT_001077",
        "text": "Ileus"
      },
      {
        "id": "ENT_001909",
        "text": "Intestinal ileus"
      },
      {
        "id": "ENT_004408",
        "text": "Paralytic ileus"
      }
    ]
  },
  {
    "cluster_id": "cluster_161",
    "synonyms": [
      {
        "id": "ENT_001390",
        "text": "hemorrhage"
      },
      {
        "id": "ENT_003995",
        "text": "hemorrhages"
      },
      {
        "id": "ENT_004174",
        "text": "Bleeding"
      }
    ]
  },
  {
    "cluster_id": "cluster_493",
    "synonyms": [
      {
        "id": "ENT_001442",
        "text": "Blue-tinged gums"
      },
      {
        "id": "ENT_003132",
        "text": "Cyanotic gums"
      },
      {
        "id": "ENT_004522",
        "text": "cyanotic mucous membranes"
      }
    ]
  },
  {
    "cluster_id": "cluster_176",
    "synonyms": [
      {
        "id": "ENT_001549",
        "text": "abnormal mentation"
      },
      {
        "id": "ENT_002689",
        "text": "Altered mentation"
      }
    ]
  },
  {
    "cluster_id": "cluster_181",
    "synonyms": [
      {
        "id": "ENT_001614",
        "text": "hair loss"
      },
      {
        "id": "ENT_003183",
        "text": "alopecia"
      }
    ]
  },
  {
    "cluster_id": "cluster_184",
    "synonyms": [
      {
        "id": "ENT_001636",
        "text": "increased appetite"
      },
      {
        "id": "ENT_003260",
        "text": "increased hunger"
      }
    ]
  },
  {
    "cluster_id": "cluster_227",
    "synonyms": [
      {
        "id": "ENT_001948",
        "text": "eye inflammation"
      },
      {
        "id": "ENT_002389",
        "text": "Corneal inflammation"
      }
    ]
  },
  {
    "cluster_id": "cluster_240",
    "synonyms": [
      {
        "id": "ENT_002038",
        "text": "Fluid accumulation"
      },
      {
        "id": "ENT_002167",
        "text": "fluid buildup"
      }
    ]
  },
  {
    "cluster_id": "cluster_245",
    "synonyms": [
      {
        "id": "ENT_002115",
        "text": "open-mouth breathing"
      },
      {
        "id": "ENT_004070",
        "text": "breathing through the open mouth"
      }
    ]
  },
  {
    "cluster_id": "cluster_262",
    "synonyms": [
      {
        "id": "ENT_004350",
        "text": "ulcerations"
      },
      {
        "id": "ENT_004839",
        "text": "open sores or ulcers"
      }
    ]
  },
  {
    "cluster_id": "cluster_265",
    "synonyms": [
      {
        "id": "ENT_002233",
        "text": "hematuria"
      },
      {
        "id": "ENT_003490",
        "text": "blood in the urine"
      }
    ]
  },
  {
    "cluster_id": "cluster_278",
    "synonyms": [
      {
        "id": "ENT_002382",
        "text": "Rhinitis"
      },
      {
        "id": "ENT_004025",
        "text": "Chronic rhinitis"
      }
    ]
  },
  {
    "cluster_id": "cluster_283",
    "synonyms": [
      {
        "id": "ENT_002410",
        "text": "extreme sensitivity or hypersensitivity in skin"
      },
      {
        "id": "ENT_004695",
        "text": "painful hypersensitivity"
      }
    ]
  },
  {
    "cluster_id": "cluster_303",
    "synonyms": [
      {
        "id": "ENT_002521",
        "text": "red or bright pink gums"
      },
      {
        "id": "ENT_002695",
        "text": "Reddened gums"
      }
    ]
  },
  {
    "cluster_id": "cluster_310",
    "synonyms": [
      {
        "id": "ENT_002612",
        "text": "electrolyte abnormalities"
      },
      {
        "id": "ENT_003613",
        "text": "electrolyte imbalances"
      }
    ]
  },
  {
    "cluster_id": "cluster_311",
    "synonyms": [
      {
        "id": "ENT_002646",
        "text": "chronic diarrhea"
      },
      {
        "id": "ENT_004754",
        "text": "persistent diarrhea"
      }
    ]
  },
  {
    "cluster_id": "cluster_324",
    "synonyms": [
      {
        "id": "ENT_002943",
        "text": "confusion"
      },
      {
        "id": "ENT_002698",
        "text": "Mental confusion"
      }
    ]
  },
  {
    "cluster_id": "cluster_337",
    "synonyms": [
      {
        "id": "ENT_002876",
        "text": "weak and rapid pulse"
      },
      {
        "id": "ENT_003962",
        "text": "weak pulse"
      }
    ]
  },
  {
    "cluster_id": "cluster_354",
    "synonyms": [
      {
        "id": "ENT_003006",
        "text": "muscle atrophy"
      },
      {
        "id": "ENT_003174",
        "text": "muscle wasting"
      }
    ]
  },
  {
    "cluster_id": "cluster_424",
    "synonyms": [
      {
        "id": "ENT_003709",
        "text": "Enlargement of lymph nodes"
      },
      {
        "id": "ENT_003796",
        "text": "lymphadenopathy"
      },
      {
        "id": "ENT_004688",
        "text": "enlargement of the lymph nodes"
      }
    ]
  },
  {
    "cluster_id": "cluster_378",
    "synonyms": [
      {
        "id": "ENT_003249",
        "text": "unconsciousness"
      },
      {
        "id": "ENT_003315",
        "text": "Loss of consciousness"
      }
    ]
  },
  {
    "cluster_id": "cluster_386",
    "synonyms": [
      {
        "id": "ENT_003312",
        "text": "Bradycardia"
      },
      {
        "id": "ENT_003418",
        "text": "Slow heart rate"
      }
    ]
  },
  {
    "cluster_id": "cluster_390",
    "synonyms": [
      {
        "id": "ENT_003362",
        "text": "Severe hypoalbuminemia"
      },
      {
        "id": "ENT_004763",
        "text": "hypoalbuminemia"
      }
    ]
  },
  {
    "cluster_id": "cluster_421",
    "synonyms": [
      {
        "id": "ENT_003676",
        "text": "palpable abdominal mass"
      },
      {
        "id": "ENT_004404",
        "text": "Abdominal mass"
      }
    ]
  },
  {
    "cluster_id": "cluster_442",
    "synonyms": [
      {
        "id": "ENT_003864",
        "text": "mature neutrophilia"
      },
      {
        "id": "ENT_004158",
        "text": "Severe neutrophilia"
      }
    ]
  },
  {
    "cluster_id": "cluster_445",
    "synonyms": [
      {
        "id": "ENT_003867",
        "text": "recurring or persistent bacterial infections"
      },
      {
        "id": "ENT_004172",
        "text": "Recurring bacterial infections"
      }
    ]
  },
  {
    "cluster_id": "cluster_450",
    "synonyms": [
      {
        "id": "ENT_003886",
        "text": "crust formation"
      },
      {
        "id": "ENT_004348",
        "text": "crusts"
      }
    ]
  },
  {
    "cluster_id": "cluster_461",
    "synonyms": [
      {
        "id": "ENT_004027",
        "text": "Meningoencephalitis"
      },
      {
        "id": "ENT_005044",
        "text": "encephalitis"
      }
    ]
  },
  {
    "cluster_id": "cluster_471",
    "synonyms": [
      {
        "id": "ENT_004102",
        "text": "polymyositis"
      },
      {
        "id": "ENT_005038",
        "text": "myositis"
      }
    ]
  },
  {
    "cluster_id": "cluster_563",
    "synonyms": [
      {
        "id": "ENT_005135",
        "text": "mucoid diarrhea"
      },
      {
        "id": "ENT_001320",
        "text": "mucousy diarrhea"
      }
    ]
  },
  {
    "cluster_id": "cluster_567",
    "synonyms": [
      {
        "id": "ENT_005177",
        "text": "intense itching"
      },
      {
        "id": "ENT_005178",
        "text": "severe pruritus"
      }
    ]
  },
  {
    "cluster_id": "cluster_570",
    "synonyms": [
      {
        "id": "ENT_005183",
        "text": "swelling"
      },
      {
        "id": "ENT_001290",
        "text": "edema"
      }
    ]
  },
  {
    "cluster_id": "cluster_571",
    "synonyms": [
      {
        "id": "ENT_005226",
        "text": "Non-healing wounds"
      },
      {
        "id": "ENT_004640",
        "text": "non-healing, ulcerated skin lesions"
      }
    ]
  },
  {
    "cluster_id": "cluster_583",
    "synonyms": [
      {
        "id": "ENT_001237",
        "text": "Difficulty breathing"
      },
      {
        "id": "ENT_001288",
        "text": "respiratory difficulty"
      }
    ]
  }
]