[
  {
    "cluster_id": "cluster_2",
    "synonyms": [
      {
        "id": "ENT_000078",
        "text": "intestinal lymphoma"
      },
      {
        "id": "ENT_003356",
        "text": "Alimentary tract lymphoma"
      }
    ]
  },
  {
    "cluster_id": "cluster_138",
    "synonyms": [
      {
        "id": "ENT_000080",
        "text": "foreign bodies"
      },
      {
        "id": "ENT_002515",
        "text": "Gastric Foreign Objects"
      },
      {
        "id": "ENT_003605",
        "text": "Intestinal foreign objects"
      }
    ]
  },
  {
    "cluster_id": "cluster_5",
    "synonyms": [
      {
        "id": "ENT_000081",
        "text": "intussusception"
      },
      {
        "id": "ENT_003359",
        "text": "Chronic intussusception"
      }
    ]
  },
  {
    "cluster_id": "cluster_6",
    "synonyms": [
      {
        "id": "ENT_000082",
        "text": "gastrointestinal obstructions"
      },
      {
        "id": "ENT_003633",
        "text": "Intestinal obstruction"
      }
    ]
  },
  {
    "cluster_id": "cluster_158",
    "synonyms": [
      {
        "id": "ENT_002811",
        "text": "Acute hemorrhagic diarrhea syndrome"
      },
      {
        "id": "ENT_002812",
        "text": "hemorrhagic gastroenteritis"
      }
    ]
  },
  {
    "cluster_id": "cluster_13",
    "synonyms": [
      {
        "id": "ENT_000136",
        "text": "viral enteritis"
      },
      {
        "id": "ENT_003661",
        "text": "infectious enteritis"
      }
    ]
  },
  {
    "cluster_id": "cluster_15",
    "synonyms": [
      {
        "id": "ENT_000187",
        "text": "Acute pancreatitis"
      },
      {
        "id": "ENT_001283",
        "text": "pancreatitis"
      }
    ]
  },
  {
    "cluster_id": "cluster_21",
    "synonyms": [
      {
        "id": "ENT_000267",
        "text": "pyothorax"
      },
      {
        "id": "ENT_004163",
        "text": "Pleuritis/pyothorax"
      }
    ]
  },
  {
    "cluster_id": "cluster_23",
    "synonyms": [
      {
        "id": "ENT_000346",
        "text": "Ancylostomiasis"
      },
      {
        "id": "ENT_000347",
        "text": "hookworm disease"
      }
    ]
  },
  {
    "cluster_id": "cluster_43",
    "synonyms": [
      {
        "id": "ENT_000933",
        "text": "Pneumothorax"
      },
      {
        "id": "ENT_004542",
        "text": "Spontaneous pneumothorax"
      }
    ]
  },
  {
    "cluster_id": "cluster_44",
    "synonyms": [
      {
        "id": "ENT_000934",
        "text": "Hemothorax"
      },
      {
        "id": "ENT_002859",
        "text": "spontaneous hemothorax"
      }
    ]
  },
  {
    "cluster_id": "cluster_48",
    "synonyms": [
      {
        "id": "ENT_000978",
        "text": "Neutrophilic cholangiohepatitis"
      },
      {
        "id": "ENT_001011",
        "text": "Neutrophilic cholangitis"
      }
    ]
  },
  {
    "cluster_id": "cluster_49",
    "synonyms": [
      {
        "id": "ENT_000979",
        "text": "Lymphocytic cholangiohepatitis"
      },
      {
        "id": "ENT_001012",
        "text": "Lymphocytic cholangitis"
      }
    ]
  },
  {
    "cluster_id": "cluster_51",
    "synonyms": [
      {
        "id": "ENT_001010",
        "text": "Cholangitis"
      },
      {
        "id": "ENT_001837",
        "text": "choledochitis"
      }
    ]
  },
  {
    "cluster_id": "cluster_66",
    "synonyms": [
      {
        "id": "ENT_001275",
        "text": "neoplasia"
      },
      {
        "id": "ENT_002552",
        "text": "neoplasms"
      }
    ]
  },
  {
    "cluster_id": "cluster_73",
    "synonyms": [
      {
        "id": "ENT_001282",
        "text": "lymphangiectasia"
      },
      {
        "id": "ENT_003354",
        "text": "Intestinal lymphangiectasia"
      }
    ]
  },
  {
    "cluster_id": "cluster_78",
    "synonyms": [
      {
        "id": "ENT_001341",
        "text": "Coagulopathies"
      },
      {
        "id": "ENT_002740",
        "text": "Clotting disorders"
      },
      {
        "id": "ENT_002861",
        "text": "coagulation disorders"
      }
    ]
  },
  {
    "cluster_id": "cluster_81",
    "synonyms": [
      {
        "id": "ENT_001384",
        "text": "von Willebrand disease"
      },
      {
        "id": "ENT_004477",
        "text": "von Willebrand's disease"
      }
    ]
  },
  {
    "cluster_id": "cluster_90",
    "synonyms": [
      {
        "id": "ENT_001633",
        "text": "Diabetes mellitus"
      },
      {
        "id": "ENT_002977",
        "text": "diabetes"
      }
    ]
  },
  {
    "cluster_id": "cluster_128",
    "synonyms": [
      {
        "id": "ENT_002237",
        "text": "idiopathic cystitis"
      },
      {
        "id": "ENT_002249",
        "text": "feline idiopathic cystitis"
      }
    ]
  },
  {
    "cluster_id": "cluster_133",
    "synonyms": [
      {
        "id": "ENT_002331",
        "text": "Feline upper respiratory infection"
      },
      {
        "id": "ENT_002367",
        "text": "Feline viral rhinotracheitis"
      }
    ]
  },
  {
    "cluster_id": "cluster_137",
    "synonyms": [
      {
        "id": "ENT_002466",
        "text": "Gastric dilatation-volvulus"
      },
      {
        "id": "ENT_005243",
        "text": "Gastric dilation and volvulus"
      }
    ]
  },
  {
    "cluster_id": "cluster_145",
    "synonyms": [
      {
        "id": "ENT_002559",
        "text": "hepatic disease"
      },
      {
        "id": "ENT_003257",
        "text": "liver disease"
      }
    ]
  },
  {
    "cluster_id": "cluster_151",
    "synonyms": [
      {
        "id": "ENT_002679",
        "text": "Exertional heatstroke"
      },
      {
        "id": "ENT_002680",
        "text": "Non-exertional heatstroke"
      }
    ]
  },
  {
    "cluster_id": "cluster_153",
    "synonyms": [
      {
        "id": "ENT_002736",
        "text": "Hemoabdomen"
      },
      {
        "id": "ENT_002737",
        "text": "Traumatic hemoabdomen"
      }
    ]
  },
  {
    "cluster_id": "cluster_170",
    "synonyms": [
      {
        "id": "ENT_002936",
        "text": "portosystemic shunt"
      },
      {
        "id": "ENT_003325",
        "text": "Congenital portosystemic shunts"
      }
    ]
  },
  {
    "cluster_id": "cluster_175",
    "synonyms": [
      {
        "id": "ENT_002997",
        "text": "Hepatozoonosis"
      },
      {
        "id": "ENT_002998",
        "text": "Old World hepatozoonosis"
      },
      {
        "id": "ENT_002999",
        "text": "American canine hepatozoonosis"
      }
    ]
  },
  {
    "cluster_id": "cluster_250",
    "synonyms": [
      {
        "id": "ENT_004166",
        "text": "Immune-mediated diseases"
      },
      {
        "id": "ENT_004505",
        "text": "immune-mediated disorders"
      }
    ]
  },
  {
    "cluster_id": "cluster_265",
    "synonyms": [
      {
        "id": "ENT_004435",
        "text": "Physalopteran infection"
      },
      {
        "id": "ENT_004436",
        "text": "physalopterosis"
      }
    ]
  }
]