[
  {
    "cluster_id": "cluster_117",
    "synonyms": [
      {
        "id": "ENT_000014",
        "text": "Bacterial culture"
      },
      {
        "id": "ENT_001506",
        "text": "Culture"
      },
      {
        "id": "ENT_002125",
        "text": "cultures"
      },
      {
        "id": "ENT_005231",
        "text": "Culture tests"
      }
    ]
  },
  {
    "cluster_id": "cluster_208",
    "synonyms": [
      {
        "id": "ENT_000015",
        "text": "Radiographs"
      },
      {
        "id": "ENT_000242",
        "text": "radiography"
      },
      {
        "id": "ENT_000563",
        "text": "X-rays"
      },
      {
        "id": "ENT_000680",
        "text": "chest radiographs"
      },
      {
        "id": "ENT_001244",
        "text": "Thoracic radiography"
      },
      {
        "id": "ENT_001428",
        "text": "Radiographic imaging"
      },
      {
        "id": "ENT_000840",
        "text": "thoracic radiographs"
      }
    ]
  },
  {
    "cluster_id": "cluster_25",
    "synonyms": [
      {
        "id": "ENT_000016",
        "text": "CT scans"
      },
      {
        "id": "ENT_000204",
        "text": "CT scan"
      },
      {
        "id": "ENT_000999",
        "text": "Computed tomography"
      },
      {
        "id": "ENT_001248",
        "text": "CT imaging"
      },
      {
        "id": "ENT_003933",
        "text": "computed tomography (CT) scanning"
      },
      {
        "id": "ENT_004556",
        "text": "Computed tomography (CT)"
      },
      {
        "id": "ENT_004594",
        "text": "CT"
      }
    ]
  },
  {
    "cluster_id": "cluster_138",
    "synonyms": [
      {
        "id": "ENT_000054",
        "text": "physical examination"
      },
      {
        "id": "ENT_000665",
        "text": "physical exam"
      },
      {
        "id": "ENT_005196",
        "text": "clinical examination"
      }
    ]
  },
  {
    "cluster_id": "cluster_94",
    "synonyms": [
      {
        "id": "ENT_000055",
        "text": "abdominal radiographs"
      },
      {
        "id": "ENT_000526",
        "text": "abdominal X-rays"
      },
      {
        "id": "ENT_001082",
        "text": "Abdominal radiography"
      },
      {
        "id": "ENT_000056",
        "text": "ultrasonography"
      },
      {
        "id": "ENT_000203",
        "text": "Abdominal ultrasonography"
      },
      {
        "id": "ENT_000527",
        "text": "abdominal ultrasound"
      },
      {
        "id": "ENT_002834",
        "text": "ultrasound"
      },
      {
        "id": "ENT_001247",
        "text": "Echocardiography"
      },
      {
        "id": "ENT_002123",
        "text": "cardiac ultrasound"
      }
    ]
  },
  {
    "cluster_id": "cluster_8",
    "synonyms": [
      {
        "id": "ENT_000057",
        "text": "laboratory analysis"
      },
      {
        "id": "ENT_000161",
        "text": "laboratory tests"
      },
      {
        "id": "ENT_000414",
        "text": "Laboratory testing"
      }
    ]
  },
  {
    "cluster_id": "cluster_9",
    "synonyms": [
      {
        "id": "ENT_000058",
        "text": "endoscopy"
      },
      {
        "id": "ENT_002541",
        "text": "endoscopic examination"
      }
    ]
  },
  {
    "cluster_id": "cluster_135",
    "synonyms": [
      {
        "id": "ENT_001863",
        "text": "laparotomy"
      },
      {
        "id": "ENT_002542",
        "text": "exploratory laparotomy"
      }
    ]
  },
  {
    "cluster_id": "cluster_54",
    "synonyms": [
      {
        "id": "ENT_000109",
        "text": "Fecal testing"
      },
      {
        "id": "ENT_000165",
        "text": "fecal examination"
      },
      {
        "id": "ENT_000595",
        "text": "fecal sample examination"
      },
      {
        "id": "ENT_003582",
        "text": "fecal analysis"
      }
    ]
  },
  {
    "cluster_id": "cluster_17",
    "synonyms": [
      {
        "id": "ENT_000114",
        "text": "Fluorescent in situ hybridization (FISH)"
      },
      {
        "id": "ENT_000741",
        "text": "In situ hybridization"
      }
    ]
  },
  {
    "cluster_id": "cluster_250",
    "synonyms": [
      {
        "id": "ENT_000163",
        "text": "serum biochemical profile"
      },
      {
        "id": "ENT_000963",
        "text": "Serum chemistry"
      },
      {
        "id": "ENT_001296",
        "text": "serum chemistry panel"
      },
      {
        "id": "ENT_001652",
        "text": "serum biochemistry profile"
      },
      {
        "id": "ENT_004176",
        "text": "Biochemistry panels"
      },
      {
        "id": "ENT_004706",
        "text": "Chemistry Profile"
      },
      {
        "id": "ENT_004959",
        "text": "Serum biochemistry panel"
      }
    ]
  },
  {
    "cluster_id": "cluster_22",
    "synonyms": [
      {
        "id": "ENT_000202",
        "text": "Serum canine pancreatic lipase immunoreactivity"
      },
      {
        "id": "ENT_001204",
        "text": "Serum pancreatic lipase immunoreactivity (PLI)"
      }
    ]
  },
  {
    "cluster_id": "cluster_26",
    "synonyms": [
      {
        "id": "ENT_000238",
        "text": "Baermann method"
      },
      {
        "id": "ENT_004879",
        "text": "Baermann test"
      }
    ]
  },
  {
    "cluster_id": "cluster_34",
    "synonyms": [
      {
        "id": "ENT_000240",
        "text": "ELISA"
      },
      {
        "id": "ENT_000333",
        "text": "enzyme-linked immunosorbent assays"
      },
      {
        "id": "ENT_001323",
        "text": "ELISA test"
      },
      {
        "id": "ENT_001561",
        "text": "enzyme-linked immunosorbent assay"
      },
      {
        "id": "ENT_003763",
        "text": "ELISA-based tests"
      },
      {
        "id": "ENT_004281",
        "text": "enzyme immunoassay"
      }
    ]
  },
  {
    "cluster_id": "cluster_29",
    "synonyms": [
      {
        "id": "ENT_000241",
        "text": "PCR"
      },
      {
        "id": "ENT_000335",
        "text": "polymerase chain reaction"
      },
      {
        "id": "ENT_000643",
        "text": "PCR assay"
      },
      {
        "id": "ENT_001620",
        "text": "PCR assays"
      },
      {
        "id": "ENT_005230",
        "text": "PCR tests"
      }
    ]
  },
  {
    "cluster_id": "cluster_63",
    "synonyms": [
      {
        "id": "ENT_000289",
        "text": "cytological examination"
      },
      {
        "id": "ENT_001504",
        "text": "Cytological evaluation"
      },
      {
        "id": "ENT_002124",
        "text": "cytological analysis"
      },
      {
        "id": "ENT_002221",
        "text": "Cytology"
      },
      {
        "id": "ENT_004528",
        "text": "cytologic evaluation"
      }
    ]
  },
  {
    "cluster_id": "cluster_33",
    "synonyms": [
      {
        "id": "ENT_000332",
        "text": "blood tests"
      },
      {
        "id": "ENT_000523",
        "text": "blood work"
      },
      {
        "id": "ENT_000995",
        "text": "Bloodwork"
      }
    ]
  },
  {
    "cluster_id": "cluster_35",
    "synonyms": [
      {
        "id": "ENT_000334",
        "text": "blood smear examination"
      },
      {
        "id": "ENT_003837",
        "text": "blood smear review"
      },
      {
        "id": "ENT_004999",
        "text": "peripheral blood smear"
      }
    ]
  },
  {
    "cluster_id": "cluster_37",
    "synonyms": [
      {
        "id": "ENT_000370",
        "text": "fecal flotation"
      },
      {
        "id": "ENT_001800",
        "text": "Fecal floatation"
      },
      {
        "id": "ENT_003096",
        "text": "centrifugal fecal flotation"
      },
      {
        "id": "ENT_004458",
        "text": "fecal float test"
      }
    ]
  },
  {
    "cluster_id": "cluster_39",
    "synonyms": [
      {
        "id": "ENT_000372",
        "text": "serological tests"
      },
      {
        "id": "ENT_000490",
        "text": "Serology"
      },
      {
        "id": "ENT_000888",
        "text": "serological testing"
      },
      {
        "id": "ENT_003550",
        "text": "serologic testing"
      },
      {
        "id": "ENT_000739",
        "text": "Antibody detection"
      }
    ]
  },
  {
    "cluster_id": "cluster_53",
    "synonyms": [
      {
        "id": "ENT_000596",
        "text": "microscopic examination"
      },
      {
        "id": "ENT_003888",
        "text": "microscopic examination of hairs"
      }
    ]
  },
  {
    "cluster_id": "cluster_85",
    "synonyms": [
      {
        "id": "ENT_001043",
        "text": "Liver enzyme measurement"
      },
      {
        "id": "ENT_001156",
        "text": "Liver function tests"
      },
      {
        "id": "ENT_001864",
        "text": "liver enzymes monitoring"
      },
      {
        "id": "ENT_002714",
        "text": "Liver enzyme testing"
      }
    ]
  },
  {
    "cluster_id": "cluster_80",
    "synonyms": [
      {
        "id": "ENT_001044",
        "text": "Bilirubin measurement"
      },
      {
        "id": "ENT_001865",
        "text": "serum bilirubin monitoring"
      }
    ]
  },
  {
    "cluster_id": "cluster_81",
    "synonyms": [
      {
        "id": "ENT_001045",
        "text": "Coagulation testing"
      },
      {
        "id": "ENT_002835",
        "text": "coagulation tests"
      },
      {
        "id": "ENT_004493",
        "text": "coagulation panel"
      }
    ]
  },
  {
    "cluster_id": "cluster_84",
    "synonyms": [
      {
        "id": "ENT_001155",
        "text": "Bile acid levels"
      },
      {
        "id": "ENT_002919",
        "text": "bile acid testing"
      },
      {
        "id": "ENT_002954",
        "text": "bile acid concentration"
      },
      {
        "id": "ENT_003272",
        "text": "serum bile acid testing"
      },
      {
        "id": "ENT_003331",
        "text": "Bile acids test"
      }
    ]
  },
  {
    "cluster_id": "cluster_86",
    "synonyms": [
      {
        "id": "ENT_001158",
        "text": "Fine needle aspiration"
      },
      {
        "id": "ENT_001592",
        "text": "fine needle aspirates"
      }
    ]
  },
  {
    "cluster_id": "cluster_87",
    "synonyms": [
      {
        "id": "ENT_001203",
        "text": "Histological examination"
      },
      {
        "id": "ENT_002041",
        "text": "Histologic examination"
      },
      {
        "id": "ENT_000742",
        "text": "Histopathology"
      }
    ]
  },
  {
    "cluster_id": "cluster_89",
    "synonyms": [
      {
        "id": "ENT_001205",
        "text": "Spec cPL"
      },
      {
        "id": "ENT_001206",
        "text": "Spec fPL"
      }
    ]
  },
  {
    "cluster_id": "cluster_96",
    "synonyms": [
      {
        "id": "ENT_001249",
        "text": "Lymphangiography"
      },
      {
        "id": "ENT_001294",
        "text": "contrast lymphangiography"
      }
    ]
  },
  {
    "cluster_id": "cluster_125",
    "synonyms": [
      {
        "id": "ENT_001654",
        "text": "urine culture"
      },
      {
        "id": "ENT_002262",
        "text": "quantitative urine culture"
      }
    ]
  },
  {
    "cluster_id": "cluster_207",
    "synonyms": [
      {
        "id": "ENT_001715",
        "text": "biopsy"
      },
      {
        "id": "ENT_002161",
        "text": "biopsies"
      }
    ]
  },
  {
    "cluster_id": "cluster_133",
    "synonyms": [
      {
        "id": "ENT_001799",
        "text": "Barium contrast radiography"
      },
      {
        "id": "ENT_002539",
        "text": "contrast radiography"
      },
      {
        "id": "ENT_003625",
        "text": "contrast radiographs"
      },
      {
        "id": "ENT_003687",
        "text": "barium contrast studies"
      },
      {
        "id": "ENT_003934",
        "text": "barium swallow studies"
      }
    ]
  },
  {
    "cluster_id": "cluster_140",
    "synonyms": [
      {
        "id": "ENT_001955",
        "text": "liquid blood culture"
      },
      {
        "id": "ENT_004325",
        "text": "Blood cultures"
      }
    ]
  },
  {
    "cluster_id": "cluster_146",
    "synonyms": [
      {
        "id": "ENT_002042",
        "text": "Immunohistochemical detection"
      },
      {
        "id": "ENT_002183",
        "text": "immunohistochemistry"
      }
    ]
  },
  {
    "cluster_id": "cluster_163",
    "synonyms": [
      {
        "id": "ENT_002263",
        "text": "contrast cystography"
      },
      {
        "id": "ENT_002264",
        "text": "urethrocystography"
      }
    ]
  },
  {
    "cluster_id": "cluster_166",
    "synonyms": [
      {
        "id": "ENT_002312",
        "text": "necropsy and histopathology"
      },
      {
        "id": "ENT_000790",
        "text": "necropsy"
      }
    ]
  },
  {
    "cluster_id": "cluster_174",
    "synonyms": [
      {
        "id": "ENT_002494",
        "text": "lactate levels"
      },
      {
        "id": "ENT_002716",
        "text": "Lactate measurement"
      }
    ]
  },
  {
    "cluster_id": "cluster_182",
    "synonyms": [
      {
        "id": "ENT_002663",
        "text": "direct immunofluorescence"
      },
      {
        "id": "ENT_000740",
        "text": "Immunofluorescence"
      }
    ]
  },
  {
    "cluster_id": "cluster_190",
    "synonyms": [
      {
        "id": "ENT_002831",
        "text": "packed cell volume"
      },
      {
        "id": "ENT_002881",
        "text": "packed cell volume measurement"
      }
    ]
  },
  {
    "cluster_id": "cluster_232",
    "synonyms": [
      {
        "id": "ENT_003583",
        "text": "serum cobalamin measurement"
      },
      {
        "id": "ENT_004805",
        "text": "Serum folate and cobalamin testing"
      }
    ]
  },
  {
    "cluster_id": "cluster_258",
    "synonyms": [
      {
        "id": "ENT_004147",
        "text": "Bone marrow aspiration/biopsy"
      },
      {
        "id": "ENT_005003",
        "text": "bone marrow aspirate"
      },
      {
        "id": "ENT_005004",
        "text": "bone marrow biopsy"
      }
    ]
  },
  {
    "cluster_id": "cluster_272",
    "synonyms": [
      {
        "id": "ENT_004361",
        "text": "skin scrapings"
      },
      {
        "id": "ENT_005197",
        "text": "skin scraping"
      }
    ]
  }
]