{
  "cluster_0": [
    {
      "id": "ENT_000009",
      "text": "Head",
      "definition": "Head: The anterior body region containing the brain, sensory organs, and mouth that serves as the primary center for neural control and food intake.",
      "category": "anatomy",
      "combined": "Head: Head: The anterior body region containing the brain, sensory organs, and mouth that serves as the primary center for neural control and food intake."
    }
  ],
  "cluster_1": [
    {
      "id": "ENT_000010",
      "text": "Neck",
      "definition": "Neck: The flexible anatomical region connecting the head to the thorax that houses the cervical spine, trachea, esophagus, and major blood vessels.",
      "category": "anatomy",
      "combined": "Neck: Neck: The flexible anatomical region connecting the head to the thorax that houses the cervical spine, trachea, esophagus, and major blood vessels."
    }
  ],
  "cluster_2": [
    {
      "id": "ENT_000011",
      "text": "Thorax",
      "definition": "Thorax: The chest cavity bounded by ribs and diaphragm that contains and protects the heart, lungs, and major vessels.",
      "category": "anatomy",
      "combined": "Thorax: Thorax: The chest cavity bounded by ribs and diaphragm that contains and protects the heart, lungs, and major vessels."
    },
    {
      "id": "ENT_000954",
      "text": "Thoracic cavity",
      "definition": "Thoracic cavity: The space within the chest bounded by the ribs, sternum, and vertebral column that contains the heart, lungs, and major blood vessels.",
      "category": "anatomy",
      "combined": "Thoracic cavity: Thoracic cavity: The space within the chest bounded by the ribs, sternum, and vertebral column that contains the heart, lungs, and major blood vessels."
    }
  ],
  "cluster_39": [
    {
      "id": "ENT_000012",
      "text": "Abdomen",
      "definition": "Abdomen: The body cavity between the diaphragm and pelvis that houses the digestive, urinary, and reproductive organs.",
      "category": "anatomy",
      "combined": "Abdomen: Abdomen: The body cavity between the diaphragm and pelvis that houses the digestive, urinary, and reproductive organs."
    },
    {
      "id": "ENT_000912",
      "text": "Peritoneal cavity",
      "definition": "Peritoneal cavity: The space within the abdomen containing the digestive organs and lined by the peritoneum membrane.",
      "category": "anatomy",
      "combined": "Peritoneal cavity: Peritoneal cavity: The space within the abdomen containing the digestive organs and lined by the peritoneum membrane."
    },
    {
      "id": "ENT_002598",
      "text": "abdominal cavity",
      "definition": "abdominal cavity: The space within the abdomen bounded by the diaphragm cranially, pelvic inlet caudally, and body wall laterally, containing the digestive, urinary, and reproductive organs.",
      "category": "anatomy",
      "combined": "abdominal cavity: abdominal cavity: The space within the abdomen bounded by the diaphragm cranially, pelvic inlet caudally, and body wall laterally, containing the digestive, urinary, and reproductive organs."
    },
    {
      "id": "ENT_004432",
      "text": "Peritoneum",
      "definition": "Peritoneum: A thin serous membrane that lines the abdominal cavity and covers most abdominal organs, providing lubrication and support.",
      "category": "anatomy",
      "combined": "Peritoneum: Peritoneum: A thin serous membrane that lines the abdominal cavity and covers most abdominal organs, providing lubrication and support."
    }
  ],
  "cluster_4": [
    {
      "id": "ENT_000050",
      "text": "gastrointestinal tract",
      "definition": "gastrointestinal tract: The continuous tubular system from mouth to anus responsible for digestion, nutrient absorption, and waste elimination.",
      "category": "anatomy",
      "combined": "gastrointestinal tract: gastrointestinal tract: The continuous tubular system from mouth to anus responsible for digestion, nutrient absorption, and waste elimination."
    },
    {
      "id": "ENT_000439",
      "text": "Intestine",
      "definition": "Intestine: The tubular organ extending from the stomach to the anus responsible for digestion, nutrient absorption, and waste elimination.",
      "category": "anatomy",
      "combined": "Intestine: Intestine: The tubular organ extending from the stomach to the anus responsible for digestion, nutrient absorption, and waste elimination."
    },
    {
      "id": "ENT_000911",
      "text": "Intestines",
      "definition": "Intestines: The tubular digestive organs extending from the stomach to the anus that absorb nutrients and water from food.",
      "category": "anatomy",
      "combined": "Intestines: Intestines: The tubular digestive organs extending from the stomach to the anus that absorb nutrients and water from food."
    },
    {
      "id": "ENT_001405",
      "text": "intestinal tract",
      "definition": "intestinal tract: The tubular digestive organ extending from the stomach to the anus that absorbs nutrients and water while eliminating waste.",
      "category": "anatomy",
      "combined": "intestinal tract: intestinal tract: The tubular digestive organ extending from the stomach to the anus that absorbs nutrients and water while eliminating waste."
    }
  ],
  "cluster_5": [
    {
      "id": "ENT_000051",
      "text": "abdominal organs",
      "definition": "abdominal organs: The collection of visceral structures within the abdominal cavity including the stomach, intestines, liver, spleen, kidneys, and reproductive organs.",
      "category": "anatomy",
      "combined": "abdominal organs: abdominal organs: The collection of visceral structures within the abdominal cavity including the stomach, intestines, liver, spleen, kidneys, and reproductive organs."
    }
  ],
  "cluster_6": [
    {
      "id": "ENT_000052",
      "text": "abdominal wall structures",
      "definition": "abdominal wall structures: The layered musculature, fascia, and peritoneum that form the boundaries of the abdominal cavity and provide support and protection.",
      "category": "anatomy",
      "combined": "abdominal wall structures: abdominal wall structures: The layered musculature, fascia, and peritoneum that form the boundaries of the abdominal cavity and provide support and protection."
    }
  ],
  "cluster_7": [
    {
      "id": "ENT_000088",
      "text": "Colon",
      "definition": "Colon: The final portion of the large intestine that absorbs water and electrolytes while forming and storing feces before elimination.",
      "category": "anatomy",
      "combined": "Colon: Colon: The final portion of the large intestine that absorbs water and electrolytes while forming and storing feces before elimination."
    },
    {
      "id": "ENT_005130",
      "text": "large intestine",
      "definition": "large intestine: The final portion of the digestive tract extending from the cecum to the anus, responsible for water absorption, electrolyte balance, and feces formation and storage.",
      "category": "anatomy",
      "combined": "large intestine: large intestine: The final portion of the digestive tract extending from the cecum to the anus, responsible for water absorption, electrolyte balance, and feces formation and storage."
    }
  ],
  "cluster_8": [
    {
      "id": "ENT_000194",
      "text": "Pancreas",
      "definition": "Pancreas: An elongated glandular organ near the stomach that produces digestive enzymes and hormones including insulin and glucagon.",
      "category": "anatomy",
      "combined": "Pancreas: Pancreas: An elongated glandular organ near the stomach that produces digestive enzymes and hormones including insulin and glucagon."
    }
  ],
  "cluster_9": [
    {
      "id": "ENT_000224",
      "text": "lungs",
      "definition": "lungs: Paired respiratory organs in the thoracic cavity that facilitate gas exchange between air and blood through alveolar surfaces.",
      "category": "anatomy",
      "combined": "lungs: lungs: Paired respiratory organs in the thoracic cavity that facilitate gas exchange between air and blood through alveolar surfaces."
    }
  ],
  "cluster_10": [
    {
      "id": "ENT_000225",
      "text": "respiratory system",
      "definition": "respiratory system: The organ system responsible for gas exchange, consisting of airways and lungs that deliver oxygen to the bloodstream and remove carbon dioxide from the body.",
      "category": "anatomy",
      "combined": "respiratory system: respiratory system: The organ system responsible for gas exchange, consisting of airways and lungs that deliver oxygen to the bloodstream and remove carbon dioxide from the body."
    }
  ],
  "cluster_11": [
    {
      "id": "ENT_000226",
      "text": "respiratory tract",
      "definition": "respiratory tract: The pathway through which air travels during breathing, extending from the nose and mouth through the pharynx, larynx, trachea, bronchi, and bronchioles to the alveoli.",
      "category": "anatomy",
      "combined": "respiratory tract: respiratory tract: The pathway through which air travels during breathing, extending from the nose and mouth through the pharynx, larynx, trachea, bronchi, and bronchioles to the alveoli."
    }
  ],
  "cluster_12": [
    {
      "id": "ENT_000285",
      "text": "oral cavity",
      "definition": "oral cavity: The mouth interior bounded by the lips, cheeks, hard and soft palates, and floor of the mouth, serving as the entry point for the digestive system.",
      "category": "anatomy",
      "combined": "oral cavity: oral cavity: The mouth interior bounded by the lips, cheeks, hard and soft palates, and floor of the mouth, serving as the entry point for the digestive system."
    }
  ],
  "cluster_13": [
    {
      "id": "ENT_000330",
      "text": "neutrophils",
      "definition": "neutrophils: The most abundant type of white blood cells that serve as the first line of defense against bacterial infections by engulfing and destroying pathogens.",
      "category": "anatomy",
      "combined": "neutrophils: neutrophils: The most abundant type of white blood cells that serve as the first line of defense against bacterial infections by engulfing and destroying pathogens."
    }
  ],
  "cluster_14": [
    {
      "id": "ENT_000331",
      "text": "platelets",
      "definition": "platelets: Small blood cell fragments that aggregate at sites of vascular injury to form clots and prevent bleeding.",
      "category": "anatomy",
      "combined": "platelets: platelets: Small blood cell fragments that aggregate at sites of vascular injury to form clots and prevent bleeding."
    }
  ],
  "cluster_51": [
    {
      "id": "ENT_000369",
      "text": "intestinal wall",
      "definition": "intestinal wall: The multi-layered structure lining the small and large intestines, responsible for nutrient absorption, waste processing, and barrier function against pathogens.",
      "category": "anatomy",
      "combined": "intestinal wall: intestinal wall: The multi-layered structure lining the small and large intestines, responsible for nutrient absorption, waste processing, and barrier function against pathogens."
    },
    {
      "id": "ENT_001406",
      "text": "intestinal epithelial cells",
      "definition": "intestinal epithelial cells: The single layer of cells lining the inner surface of the intestines that absorbs nutrients and forms a barrier against pathogens.",
      "category": "anatomy",
      "combined": "intestinal epithelial cells: intestinal epithelial cells: The single layer of cells lining the inner surface of the intestines that absorbs nutrients and forms a barrier against pathogens."
    },
    {
      "id": "ENT_003383",
      "text": "Intestinal mucosa",
      "definition": "Intestinal mucosa: The innermost layer of the intestinal wall containing absorptive cells, glands, and immune tissue that facilitates nutrient absorption and provides a barrier against pathogens.",
      "category": "anatomy",
      "combined": "Intestinal mucosa: Intestinal mucosa: The innermost layer of the intestinal wall containing absorptive cells, glands, and immune tissue that facilitates nutrient absorption and provides a barrier against pathogens."
    }
  ],
  "cluster_16": [
    {
      "id": "ENT_000397",
      "text": "Skin",
      "definition": "Skin: The body's largest organ forming a protective barrier against environmental hazards, regulating temperature, and providing sensory information.",
      "category": "anatomy",
      "combined": "Skin: Skin: The body's largest organ forming a protective barrier against environmental hazards, regulating temperature, and providing sensory information."
    }
  ],
  "cluster_17": [
    {
      "id": "ENT_000398",
      "text": "Face",
      "definition": "Face: The anterior portion of the head containing the eyes, nose, mouth, and associated structures involved in sensory perception and food intake.",
      "category": "anatomy",
      "combined": "Face: Face: The anterior portion of the head containing the eyes, nose, mouth, and associated structures involved in sensory perception and food intake."
    }
  ],
  "cluster_18": [
    {
      "id": "ENT_000399",
      "text": "Lips",
      "definition": "Lips: The fleshy, movable folds surrounding the mouth opening that aid in food prehension, retention, and vocalization.",
      "category": "anatomy",
      "combined": "Lips: Lips: The fleshy, movable folds surrounding the mouth opening that aid in food prehension, retention, and vocalization."
    }
  ],
  "cluster_19": [
    {
      "id": "ENT_000400",
      "text": "Tongue",
      "definition": "Tongue: A muscular organ in the oral cavity covered with taste buds, essential for food manipulation, swallowing, grooming, and thermoregulation through panting.",
      "category": "anatomy",
      "combined": "Tongue: Tongue: A muscular organ in the oral cavity covered with taste buds, essential for food manipulation, swallowing, grooming, and thermoregulation through panting."
    }
  ],
  "cluster_20": [
    {
      "id": "ENT_000401",
      "text": "Throat",
      "definition": "Throat: The muscular passage connecting the mouth and nasal cavities to the esophagus and larynx, facilitating swallowing and breathing.",
      "category": "anatomy",
      "combined": "Throat: Throat: The muscular passage connecting the mouth and nasal cavities to the esophagus and larynx, facilitating swallowing and breathing."
    }
  ],
  "cluster_22": [
    {
      "id": "ENT_000441",
      "text": "Liver",
      "definition": "Liver: The large metabolic organ in the abdomen that detoxifies blood, produces bile, stores nutrients, and synthesizes proteins.",
      "category": "anatomy",
      "combined": "Liver: Liver: The large metabolic organ in the abdomen that detoxifies blood, produces bile, stores nutrients, and synthesizes proteins."
    }
  ],
  "cluster_23": [
    {
      "id": "ENT_000470",
      "text": "Red blood cells",
      "definition": "Red blood cells: Disc-shaped cells in the blood that transport oxygen from the lungs to body tissues and carbon dioxide back to the lungs.",
      "category": "anatomy",
      "combined": "Red blood cells: Red blood cells: Disc-shaped cells in the blood that transport oxygen from the lungs to body tissues and carbon dioxide back to the lungs."
    }
  ],
  "cluster_24": [
    {
      "id": "ENT_000522",
      "text": "stomach",
      "definition": "stomach: The muscular sac-like organ between the esophagus and small intestine that stores and begins digestion of food through acid and enzyme secretion.",
      "category": "anatomy",
      "combined": "stomach: stomach: The muscular sac-like organ between the esophagus and small intestine that stores and begins digestion of food through acid and enzyme secretion."
    }
  ],
  "cluster_25": [
    {
      "id": "ENT_000546",
      "text": "Stenotic nares",
      "definition": "Stenotic nares: Abnormally narrow nostrils that restrict airflow, commonly seen in brachycephalic breeds.",
      "category": "anatomy",
      "combined": "Stenotic nares: Stenotic nares: Abnormally narrow nostrils that restrict airflow, commonly seen in brachycephalic breeds."
    }
  ],
  "cluster_26": [
    {
      "id": "ENT_000547",
      "text": "Elongated soft palate",
      "definition": "Elongated soft palate: An abnormally long soft tissue extension of the roof of the mouth that can obstruct the airway, particularly in brachycephalic breeds.",
      "category": "anatomy",
      "combined": "Elongated soft palate: Elongated soft palate: An abnormally long soft tissue extension of the roof of the mouth that can obstruct the airway, particularly in brachycephalic breeds."
    }
  ],
  "cluster_27": [
    {
      "id": "ENT_000548",
      "text": "Hypoplastic trachea",
      "definition": "Hypoplastic trachea: An underdeveloped windpipe with a smaller than normal diameter that restricts airflow to the lungs.",
      "category": "anatomy",
      "combined": "Hypoplastic trachea: Hypoplastic trachea: An underdeveloped windpipe with a smaller than normal diameter that restricts airflow to the lungs."
    }
  ],
  "cluster_28": [
    {
      "id": "ENT_000549",
      "text": "Everted laryngeal saccules",
      "definition": "Everted laryngeal saccules: Small pouches of tissue near the vocal cords that have turned inside-out due to chronic airway obstruction, further compromising breathing.",
      "category": "anatomy",
      "combined": "Everted laryngeal saccules: Everted laryngeal saccules: Small pouches of tissue near the vocal cords that have turned inside-out due to chronic airway obstruction, further compromising breathing."
    }
  ],
  "cluster_29": [
    {
      "id": "ENT_000641",
      "text": "Reproductive system",
      "definition": "Reproductive system: The collection of organs and structures responsible for sexual reproduction, including gonads, ducts, and external genitalia.",
      "category": "anatomy",
      "combined": "Reproductive system: Reproductive system: The collection of organs and structures responsible for sexual reproduction, including gonads, ducts, and external genitalia."
    }
  ],
  "cluster_30": [
    {
      "id": "ENT_000705",
      "text": "airways",
      "definition": "airways: The passages through which air moves from the nose and mouth to the lungs, including the trachea, bronchi, and bronchioles.",
      "category": "anatomy",
      "combined": "airways: airways: The passages through which air moves from the nose and mouth to the lungs, including the trachea, bronchi, and bronchioles."
    }
  ],
  "cluster_31": [
    {
      "id": "ENT_000733",
      "text": "Urogenital system",
      "definition": "Urogenital system: The combined urinary and reproductive organs that function in waste elimination and reproduction.",
      "category": "anatomy",
      "combined": "Urogenital system: Urogenital system: The combined urinary and reproductive organs that function in waste elimination and reproduction."
    }
  ],
  "cluster_32": [
    {
      "id": "ENT_000734",
      "text": "Central nervous system",
      "definition": "Central nervous system: The brain and spinal cord that process and coordinate sensory information and motor responses throughout the body.",
      "category": "anatomy",
      "combined": "Central nervous system: Central nervous system: The brain and spinal cord that process and coordinate sensory information and motor responses throughout the body."
    },
    {
      "id": "ENT_001557",
      "text": "brain",
      "definition": "brain: The central nervous system organ located in the skull that controls bodily functions, processes sensory information, and coordinates behavior.",
      "category": "anatomy",
      "combined": "brain: brain: The central nervous system organ located in the skull that controls bodily functions, processes sensory information, and coordinates behavior."
    }
  ],
  "cluster_36": [
    {
      "id": "ENT_000735",
      "text": "Lymphatic tissue",
      "definition": "Lymphatic tissue: Specialized tissue containing lymphocytes and other immune cells that filter pathogens and produce antibodies.",
      "category": "anatomy",
      "combined": "Lymphatic tissue: Lymphatic tissue: Specialized tissue containing lymphocytes and other immune cells that filter pathogens and produce antibodies."
    },
    {
      "id": "ENT_000864",
      "text": "lymphoid tissue",
      "definition": "lymphoid tissue: Tissue containing lymphocytes that forms part of the immune system, including lymph nodes, spleen, and tonsils.",
      "category": "anatomy",
      "combined": "lymphoid tissue: lymphoid tissue: Tissue containing lymphocytes that forms part of the immune system, including lymph nodes, spleen, and tonsils."
    },
    {
      "id": "ENT_002328",
      "text": "lymphoid tissues",
      "definition": "lymphoid tissues: Specialized tissues including lymph nodes, spleen, thymus, and mucosa-associated lymphoid tissue that produce and house immune cells for defense against pathogens.",
      "category": "anatomy",
      "combined": "lymphoid tissues: lymphoid tissues: Specialized tissues including lymph nodes, spleen, thymus, and mucosa-associated lymphoid tissue that produce and house immune cells for defense against pathogens."
    }
  ],
  "cluster_34": [
    {
      "id": "ENT_000832",
      "text": "upper respiratory tract",
      "definition": "upper respiratory tract: The nasal passages, pharynx, and larynx that filter, warm, and humidify air before it reaches the lungs.",
      "category": "anatomy",
      "combined": "upper respiratory tract: upper respiratory tract: The nasal passages, pharynx, and larynx that filter, warm, and humidify air before it reaches the lungs."
    },
    {
      "id": "ENT_004020",
      "text": "Nasal passages",
      "definition": "Nasal passages: Air-conducting channels within the nose that filter, warm, and humidify inhaled air before it reaches the lungs.",
      "category": "anatomy",
      "combined": "Nasal passages: Nasal passages: Air-conducting channels within the nose that filter, warm, and humidify inhaled air before it reaches the lungs."
    }
  ],
  "cluster_35": [
    {
      "id": "ENT_000863",
      "text": "intestinal crypt epithelium",
      "definition": "intestinal crypt epithelium: The regenerative tissue at the base of intestinal villi that produces new epithelial cells for nutrient absorption.",
      "category": "anatomy",
      "combined": "intestinal crypt epithelium: intestinal crypt epithelium: The regenerative tissue at the base of intestinal villi that produces new epithelial cells for nutrient absorption."
    },
    {
      "id": "ENT_002329",
      "text": "intestinal crypts",
      "definition": "intestinal crypts: Invaginations at the base of intestinal villi containing stem cells that continuously regenerate the intestinal epithelium.",
      "category": "anatomy",
      "combined": "intestinal crypts: intestinal crypts: Invaginations at the base of intestinal villi containing stem cells that continuously regenerate the intestinal epithelium."
    }
  ],
  "cluster_37": [
    {
      "id": "ENT_000865",
      "text": "bone marrow",
      "definition": "bone marrow: The soft tissue inside bones that produces blood cells and stores fat.",
      "category": "anatomy",
      "combined": "bone marrow: bone marrow: The soft tissue inside bones that produces blood cells and stores fat."
    }
  ],
  "cluster_41": [
    {
      "id": "ENT_000955",
      "text": "Pleural space",
      "definition": "Pleural space: The potential space between the visceral pleura covering the lungs and the parietal pleura lining the thoracic cavity that contains a small amount of lubricating fluid.",
      "category": "anatomy",
      "combined": "Pleural space: Pleural space: The potential space between the visceral pleura covering the lungs and the parietal pleura lining the thoracic cavity that contains a small amount of lubricating fluid."
    },
    {
      "id": "ENT_002855",
      "text": "pleural cavity",
      "definition": "pleural cavity: The potential space between the visceral and parietal pleura surrounding each lung that contains a small amount of lubricating fluid.",
      "category": "anatomy",
      "combined": "pleural cavity: pleural cavity: The potential space between the visceral and parietal pleura surrounding each lung that contains a small amount of lubricating fluid."
    }
  ],
  "cluster_42": [
    {
      "id": "ENT_000957",
      "text": "Diaphragm",
      "definition": "Diaphragm: The dome-shaped muscular partition that separates the thoracic cavity from the abdominal cavity and is the primary muscle of respiration.",
      "category": "anatomy",
      "combined": "Diaphragm: Diaphragm: The dome-shaped muscular partition that separates the thoracic cavity from the abdominal cavity and is the primary muscle of respiration."
    }
  ],
  "cluster_43": [
    {
      "id": "ENT_000958",
      "text": "Chest wall",
      "definition": "Chest wall: The structural boundary of the thorax composed of the ribs, intercostal muscles, sternum, and associated soft tissues that protects thoracic organs and assists in breathing.",
      "category": "anatomy",
      "combined": "Chest wall: Chest wall: The structural boundary of the thorax composed of the ribs, intercostal muscles, sternum, and associated soft tissues that protects thoracic organs and assists in breathing."
    },
    {
      "id": "ENT_002449",
      "text": "Thoracic wall",
      "definition": "Thoracic wall: The muscular and skeletal structure composed of ribs, sternum, vertebrae, and associated muscles that protects thoracic organs and enables breathing movements.",
      "category": "anatomy",
      "combined": "Thoracic wall: Thoracic wall: The muscular and skeletal structure composed of ribs, sternum, vertebrae, and associated muscles that protects thoracic organs and enables breathing movements."
    }
  ],
  "cluster_44": [
    {
      "id": "ENT_000992",
      "text": "Biliary system",
      "definition": "Biliary system: The network of organs and ducts including the liver, gallbladder, and bile ducts that produces, stores, and transports bile to the small intestine for fat digestion.",
      "category": "anatomy",
      "combined": "Biliary system: Biliary system: The network of organs and ducts including the liver, gallbladder, and bile ducts that produces, stores, and transports bile to the small intestine for fat digestion."
    },
    {
      "id": "ENT_000994",
      "text": "Bile ducts",
      "definition": "Bile ducts: The tubular structures that transport bile from the liver and gallbladder to the duodenum, including the hepatic, cystic, and common bile ducts.",
      "category": "anatomy",
      "combined": "Bile ducts: Bile ducts: The tubular structures that transport bile from the liver and gallbladder to the duodenum, including the hepatic, cystic, and common bile ducts."
    },
    {
      "id": "ENT_001858",
      "text": "bile duct",
      "definition": "Bile duct: A tube that carries bile from the liver and gallbladder to the small intestine to aid in fat digestion.",
      "category": "anatomy",
      "combined": "bile duct: Bile duct: A tube that carries bile from the liver and gallbladder to the small intestine to aid in fat digestion."
    }
  ],
  "cluster_45": [
    {
      "id": "ENT_000993",
      "text": "Gallbladder",
      "definition": "Gallbladder: A small pear-shaped organ attached to the liver that stores and concentrates bile between meals before releasing it into the duodenum.",
      "category": "anatomy",
      "combined": "Gallbladder: Gallbladder: A small pear-shaped organ attached to the liver that stores and concentrates bile between meals before releasing it into the duodenum."
    }
  ],
  "cluster_82": [
    {
      "id": "ENT_001148",
      "text": "Duodenum",
      "definition": "Duodenum: The first and shortest segment of the small intestine that receives partially digested food from the stomach and secretions from the pancreas and biliary system.",
      "category": "anatomy",
      "combined": "Duodenum: Duodenum: The first and shortest segment of the small intestine that receives partially digested food from the stomach and secretions from the pancreas and biliary system."
    },
    {
      "id": "ENT_002530",
      "text": "jejunum",
      "definition": "jejunum: The middle and longest segment of the small intestine between the duodenum and ileum where most nutrient absorption occurs.",
      "category": "anatomy",
      "combined": "jejunum: jejunum: The middle and longest segment of the small intestine between the duodenum and ileum where most nutrient absorption occurs."
    },
    {
      "id": "ENT_002659",
      "text": "small intestine",
      "definition": "small intestine: The portion of the digestive tract between the stomach and large intestine, consisting of the duodenum, jejunum, and ileum, where most digestion and nutrient absorption occurs.",
      "category": "anatomy",
      "combined": "small intestine: small intestine: The portion of the digestive tract between the stomach and large intestine, consisting of the duodenum, jejunum, and ileum, where most digestion and nutrient absorption occurs."
    },
    {
      "id": "ENT_004448",
      "text": "upper intestines",
      "definition": "upper intestines: The proximal portion of the small intestine, including the duodenum and jejunum, where most nutrient digestion and absorption occurs.",
      "category": "anatomy",
      "combined": "upper intestines: upper intestines: The proximal portion of the small intestine, including the duodenum and jejunum, where most nutrient digestion and absorption occurs."
    }
  ],
  "cluster_48": [
    {
      "id": "ENT_001227",
      "text": "Chyle",
      "definition": "Chyle: The milky fluid consisting of lymph and emulsified fats absorbed from the small intestine during digestion and transported through the lymphatic system.",
      "category": "anatomy",
      "combined": "Chyle: Chyle: The milky fluid consisting of lymph and emulsified fats absorbed from the small intestine during digestion and transported through the lymphatic system."
    }
  ],
  "cluster_49": [
    {
      "id": "ENT_001228",
      "text": "Thoracic duct",
      "definition": "Thoracic duct: The largest lymphatic vessel in the body that collects lymph and chyle from the lower body and left upper body and empties into the venous system near the left jugular vein.",
      "category": "anatomy",
      "combined": "Thoracic duct: Thoracic duct: The largest lymphatic vessel in the body that collects lymph and chyle from the lower body and left upper body and empties into the venous system near the left jugular vein."
    }
  ],
  "cluster_52": [
    {
      "id": "ENT_001424",
      "text": "Tracheal cartilage rings",
      "definition": "Tracheal cartilage rings: The C-shaped cartilaginous structures that maintain the trachea's open airway while allowing flexibility for swallowing.",
      "category": "anatomy",
      "combined": "Tracheal cartilage rings: Tracheal cartilage rings: The C-shaped cartilaginous structures that maintain the trachea's open airway while allowing flexibility for swallowing."
    }
  ],
  "cluster_53": [
    {
      "id": "ENT_001556",
      "text": "subcutaneous tissues",
      "definition": "subcutaneous tissues: The layer of fat and connective tissue located beneath the skin that provides insulation, cushioning, and energy storage.",
      "category": "anatomy",
      "combined": "subcutaneous tissues: subcutaneous tissues: The layer of fat and connective tissue located beneath the skin that provides insulation, cushioning, and energy storage."
    }
  ],
  "cluster_55": [
    {
      "id": "ENT_001587",
      "text": "blood cells",
      "definition": "blood cells: The cellular components of blood including red blood cells that carry oxygen, white blood cells that fight infection, and platelets that aid in clotting.",
      "category": "anatomy",
      "combined": "blood cells: blood cells: The cellular components of blood including red blood cells that carry oxygen, white blood cells that fight infection, and platelets that aid in clotting."
    }
  ],
  "cluster_56": [
    {
      "id": "ENT_001588",
      "text": "macrophages",
      "definition": "macrophages: Large white blood cells that engulf and digest cellular debris, foreign substances, and pathogens as part of the immune response.",
      "category": "anatomy",
      "combined": "macrophages: macrophages: Large white blood cells that engulf and digest cellular debris, foreign substances, and pathogens as part of the immune response."
    }
  ],
  "cluster_57": [
    {
      "id": "ENT_001679",
      "text": "heart",
      "definition": "heart: The muscular organ that pumps blood throughout the body via rhythmic contractions to deliver oxygen and nutrients while removing waste products.",
      "category": "anatomy",
      "combined": "heart: heart: The muscular organ that pumps blood throughout the body via rhythmic contractions to deliver oxygen and nutrients while removing waste products."
    }
  ],
  "cluster_58": [
    {
      "id": "ENT_001680",
      "text": "pulmonary arteries",
      "definition": "pulmonary arteries: The blood vessels that carry deoxygenated blood from the right ventricle of the heart to the lungs for oxygenation.",
      "category": "anatomy",
      "combined": "pulmonary arteries: pulmonary arteries: The blood vessels that carry deoxygenated blood from the right ventricle of the heart to the lungs for oxygenation."
    }
  ],
  "cluster_59": [
    {
      "id": "ENT_001704",
      "text": "esophagus",
      "definition": "esophagus: The muscular tube that connects the pharynx to the stomach and transports food and liquids via peristaltic contractions.",
      "category": "anatomy",
      "combined": "esophagus: esophagus: The muscular tube that connects the pharynx to the stomach and transports food and liquids via peristaltic contractions."
    }
  ],
  "cluster_60": [
    {
      "id": "ENT_001795",
      "text": "Lower esophageal sphincter",
      "definition": "Lower esophageal sphincter: A muscular ring at the junction of the esophagus and stomach that prevents stomach contents from flowing backward into the esophagus.",
      "category": "anatomy",
      "combined": "Lower esophageal sphincter: Lower esophageal sphincter: A muscular ring at the junction of the esophagus and stomach that prevents stomach contents from flowing backward into the esophagus."
    }
  ],
  "cluster_61": [
    {
      "id": "ENT_001796",
      "text": "Esophageal mucosa",
      "definition": "Esophageal mucosa: The innermost layer of the esophagus that secretes mucus to facilitate smooth passage of food from the mouth to the stomach.",
      "category": "anatomy",
      "combined": "Esophageal mucosa: Esophageal mucosa: The innermost layer of the esophagus that secretes mucus to facilitate smooth passage of food from the mouth to the stomach."
    },
    {
      "id": "ENT_002599",
      "text": "gastric mucosa",
      "definition": "gastric mucosa: The innermost layer of the stomach wall that secretes gastric acid, digestive enzymes, and protective mucus.",
      "category": "anatomy",
      "combined": "gastric mucosa: gastric mucosa: The innermost layer of the stomach wall that secretes gastric acid, digestive enzymes, and protective mucus."
    }
  ],
  "cluster_63": [
    {
      "id": "ENT_001975",
      "text": "lymph nodes",
      "definition": "Lymph nodes: Small, bean-shaped structures throughout the body that filter lymph fluid and house immune cells to fight infection.",
      "category": "anatomy",
      "combined": "lymph nodes: Lymph nodes: Small, bean-shaped structures throughout the body that filter lymph fluid and house immune cells to fight infection."
    }
  ],
  "cluster_64": [
    {
      "id": "ENT_002086",
      "text": "Eyes",
      "definition": "Eyes: Paired sensory organs that detect light and enable vision through complex optical and neural processes.",
      "category": "anatomy",
      "combined": "Eyes: Eyes: Paired sensory organs that detect light and enable vision through complex optical and neural processes."
    }
  ],
  "cluster_65": [
    {
      "id": "ENT_002087",
      "text": "Conjunctiva",
      "definition": "Conjunctiva: The thin, transparent membrane that covers the white part of the eye and lines the inside of the eyelids.",
      "category": "anatomy",
      "combined": "Conjunctiva: Conjunctiva: The thin, transparent membrane that covers the white part of the eye and lines the inside of the eyelids."
    }
  ],
  "cluster_66": [
    {
      "id": "ENT_002088",
      "text": "Cornea",
      "definition": "Cornea: The clear, dome-shaped front surface of the eye that refracts light and protects the inner eye structures.",
      "category": "anatomy",
      "combined": "Cornea: Cornea: The clear, dome-shaped front surface of the eye that refracts light and protects the inner eye structures."
    }
  ],
  "cluster_67": [
    {
      "id": "ENT_002199",
      "text": "white blood cells",
      "definition": "White blood cells: Immune system cells that circulate in blood and tissues to defend against infections and foreign substances.",
      "category": "anatomy",
      "combined": "white blood cells: White blood cells: Immune system cells that circulate in blood and tissues to defend against infections and foreign substances."
    }
  ],
  "cluster_68": [
    {
      "id": "ENT_002202",
      "text": "body cavities",
      "definition": "Body cavities: Internal spaces within an animal's body that contain and protect vital organs, including the thoracic, abdominal, and pelvic cavities.",
      "category": "anatomy",
      "combined": "body cavities: Body cavities: Internal spaces within an animal's body that contain and protect vital organs, including the thoracic, abdominal, and pelvic cavities."
    }
  ],
  "cluster_69": [
    {
      "id": "ENT_002203",
      "text": "monocytes",
      "definition": "Monocytes: A type of white blood cell that circulates in the blood and can differentiate into macrophages to engulf pathogens and cellular debris.",
      "category": "anatomy",
      "combined": "monocytes: Monocytes: A type of white blood cell that circulates in the blood and can differentiate into macrophages to engulf pathogens and cellular debris."
    }
  ],
  "cluster_70": [
    {
      "id": "ENT_002206",
      "text": "kidneys",
      "definition": "kidneys: Paired organs located in the retroperitoneal space that filter blood to produce urine and regulate fluid, electrolyte, and acid-base balance.",
      "category": "anatomy",
      "combined": "kidneys: kidneys: Paired organs located in the retroperitoneal space that filter blood to produce urine and regulate fluid, electrolyte, and acid-base balance."
    }
  ],
  "cluster_71": [
    {
      "id": "ENT_002219",
      "text": "Skin and subcutis",
      "definition": "Skin and subcutis: The outermost protective barrier (skin) and underlying fatty connective tissue layer (subcutis) that provide protection, thermoregulation, and sensory functions.",
      "category": "anatomy",
      "combined": "Skin and subcutis: Skin and subcutis: The outermost protective barrier (skin) and underlying fatty connective tissue layer (subcutis) that provide protection, thermoregulation, and sensory functions."
    }
  ],
  "cluster_72": [
    {
      "id": "ENT_002285",
      "text": "lower urinary tract",
      "definition": "lower urinary tract: The anatomical structures including the bladder, urethra, and associated sphincters responsible for urine storage and elimination.",
      "category": "anatomy",
      "combined": "lower urinary tract: lower urinary tract: The anatomical structures including the bladder, urethra, and associated sphincters responsible for urine storage and elimination."
    },
    {
      "id": "ENT_003242",
      "text": "Urinary tract",
      "definition": "Urinary tract: The organ system including kidneys, ureters, bladder, and urethra responsible for filtering blood and eliminating waste through urine.",
      "category": "anatomy",
      "combined": "Urinary tract: Urinary tract: The organ system including kidneys, ureters, bladder, and urethra responsible for filtering blood and eliminating waste through urine."
    }
  ],
  "cluster_75": [
    {
      "id": "ENT_002330",
      "text": "cerebellum",
      "definition": "cerebellum: The portion of the brain located at the back of the skull that coordinates voluntary movements, balance, and posture.",
      "category": "anatomy",
      "combined": "cerebellum: cerebellum: The portion of the brain located at the back of the skull that coordinates voluntary movements, balance, and posture."
    }
  ],
  "cluster_76": [
    {
      "id": "ENT_002370",
      "text": "Nasal cavity",
      "definition": "Nasal cavity: The air-filled space behind the nose that filters, warms, and humidifies inhaled air while housing olfactory receptors for smell.",
      "category": "anatomy",
      "combined": "Nasal cavity: Nasal cavity: The air-filled space behind the nose that filters, warms, and humidifies inhaled air while housing olfactory receptors for smell."
    }
  ],
  "cluster_77": [
    {
      "id": "ENT_002372",
      "text": "Trachea",
      "definition": "Trachea: The cartilage-reinforced tube extending from the larynx to the bronchi that conducts air to and from the lungs.",
      "category": "anatomy",
      "combined": "Trachea: Trachea: The cartilage-reinforced tube extending from the larynx to the bronchi that conducts air to and from the lungs."
    }
  ],
  "cluster_79": [
    {
      "id": "ENT_002450",
      "text": "Ribs",
      "definition": "Ribs: Curved bones articulating with the thoracic vertebrae and sternum that protect vital organs and assist in respiratory movements.",
      "category": "anatomy",
      "combined": "Ribs: Ribs: Curved bones articulating with the thoracic vertebrae and sternum that protect vital organs and assist in respiratory movements."
    }
  ],
  "cluster_80": [
    {
      "id": "ENT_002511",
      "text": "pylorus",
      "definition": "pylorus: The muscular valve at the distal end of the stomach that regulates the passage of partially digested food into the duodenum.",
      "category": "anatomy",
      "combined": "pylorus: pylorus: The muscular valve at the distal end of the stomach that regulates the passage of partially digested food into the duodenum."
    }
  ],
  "cluster_81": [
    {
      "id": "ENT_002514",
      "text": "spleen",
      "definition": "spleen: A highly vascular organ located in the left cranial abdomen that filters blood, stores red blood cells, and plays a role in immune function.",
      "category": "anatomy",
      "combined": "spleen: spleen: A highly vascular organ located in the left cranial abdomen that filters blood, stores red blood cells, and plays a role in immune function."
    }
  ],
  "cluster_85": [
    {
      "id": "ENT_002623",
      "text": "omentum",
      "definition": "omentum: A double-layered fold of peritoneum that extends from the stomach and covers the abdominal organs, providing fat storage and immune defense.",
      "category": "anatomy",
      "combined": "omentum: omentum: A double-layered fold of peritoneum that extends from the stomach and covers the abdominal organs, providing fat storage and immune defense."
    }
  ],
  "cluster_87": [
    {
      "id": "ENT_002818",
      "text": "intestinal lumen",
      "definition": "intestinal lumen: The hollow space within the intestinal tube through which digested food material passes.",
      "category": "anatomy",
      "combined": "intestinal lumen: intestinal lumen: The hollow space within the intestinal tube through which digested food material passes."
    }
  ],
  "cluster_89": [
    {
      "id": "ENT_002856",
      "text": "internal thoracic vessels",
      "definition": "internal thoracic vessels: The artery and vein that run along the ventral aspect of the thoracic cavity, supplying the ventral thoracic wall and cranial abdominal structures.",
      "category": "anatomy",
      "combined": "internal thoracic vessels: internal thoracic vessels: The artery and vein that run along the ventral aspect of the thoracic cavity, supplying the ventral thoracic wall and cranial abdominal structures."
    }
  ],
  "cluster_90": [
    {
      "id": "ENT_002857",
      "text": "intercostal vessels",
      "definition": "intercostal vessels: Blood vessels that run between the ribs, supplying blood to the intercostal muscles and chest wall.",
      "category": "anatomy",
      "combined": "intercostal vessels: intercostal vessels: Blood vessels that run between the ribs, supplying blood to the intercostal muscles and chest wall."
    }
  ],
  "cluster_91": [
    {
      "id": "ENT_002858",
      "text": "internal mammary vessels",
      "definition": "internal mammary vessels: Blood vessels located along the inner chest wall that supply the mammary glands and ventral thoracic region.",
      "category": "anatomy",
      "combined": "internal mammary vessels: internal mammary vessels: Blood vessels located along the inner chest wall that supply the mammary glands and ventral thoracic region."
    }
  ],
  "cluster_92": [
    {
      "id": "ENT_003017",
      "text": "skeletal muscles",
      "definition": "skeletal muscles: Voluntary muscles attached to bones that enable movement, posture maintenance, and heat production.",
      "category": "anatomy",
      "combined": "skeletal muscles: skeletal muscles: Voluntary muscles attached to bones that enable movement, posture maintenance, and heat production."
    }
  ],
  "cluster_93": [
    {
      "id": "ENT_003187",
      "text": "adrenal glands",
      "definition": "adrenal glands: Paired endocrine glands located near the kidneys that produce hormones including cortisol, aldosterone, and adrenaline.",
      "category": "anatomy",
      "combined": "adrenal glands: adrenal glands: Paired endocrine glands located near the kidneys that produce hormones including cortisol, aldosterone, and adrenaline."
    }
  ],
  "cluster_94": [
    {
      "id": "ENT_003188",
      "text": "pituitary gland",
      "definition": "pituitary gland: The master endocrine gland located at the base of the brain that regulates other endocrine glands and produces hormones controlling growth, reproduction, and metabolism.",
      "category": "anatomy",
      "combined": "pituitary gland: pituitary gland: The master endocrine gland located at the base of the brain that regulates other endocrine glands and produces hormones controlling growth, reproduction, and metabolism."
    }
  ],
  "cluster_95": [
    {
      "id": "ENT_003239",
      "text": "Blood",
      "definition": "Blood: The fluid connective tissue that circulates through vessels carrying oxygen, nutrients, hormones, and waste products throughout the body.",
      "category": "anatomy",
      "combined": "Blood: Blood: The fluid connective tissue that circulates through vessels carrying oxygen, nutrients, hormones, and waste products throughout the body."
    }
  ],
  "cluster_96": [
    {
      "id": "ENT_003241",
      "text": "Cardiovascular system",
      "definition": "Cardiovascular system: The organ system consisting of the heart, blood vessels, and blood that circulates oxygen and nutrients throughout the body.",
      "category": "anatomy",
      "combined": "Cardiovascular system: Cardiovascular system: The organ system consisting of the heart, blood vessels, and blood that circulates oxygen and nutrients throughout the body."
    }
  ],
  "cluster_98": [
    {
      "id": "ENT_003382",
      "text": "Intestinal lacteals",
      "definition": "Intestinal lacteals: Specialized lymphatic vessels in the intestinal villi that absorb dietary fats and fat-soluble vitamins from digested food.",
      "category": "anatomy",
      "combined": "Intestinal lacteals: Intestinal lacteals: Specialized lymphatic vessels in the intestinal villi that absorb dietary fats and fat-soluble vitamins from digested food."
    }
  ],
  "cluster_101": [
    {
      "id": "ENT_004021",
      "text": "Sinuses",
      "definition": "Sinuses: Air-filled cavities within the skull bones that reduce skull weight and produce mucus to moisturize nasal passages.",
      "category": "anatomy",
      "combined": "Sinuses: Sinuses: Air-filled cavities within the skull bones that reduce skull weight and produce mucus to moisturize nasal passages."
    }
  ],
  "cluster_102": [
    {
      "id": "ENT_004056",
      "text": "nasopharynx",
      "definition": "Nasopharynx: The upper portion of the pharynx located behind the nasal cavity that serves as a passageway for air from the nose to the larynx.",
      "category": "anatomy",
      "combined": "nasopharynx: Nasopharynx: The upper portion of the pharynx located behind the nasal cavity that serves as a passageway for air from the nose to the larynx."
    }
  ],
  "cluster_103": [
    {
      "id": "ENT_004113",
      "text": "muscles",
      "definition": "Muscles: Contractile tissues that produce movement, maintain posture, and generate heat throughout the animal body.",
      "category": "anatomy",
      "combined": "muscles: Muscles: Contractile tissues that produce movement, maintain posture, and generate heat throughout the animal body."
    }
  ],
  "cluster_104": [
    {
      "id": "ENT_004210",
      "text": "bones",
      "definition": "Bones: Rigid connective tissues that form the skeletal framework, protect organs, enable movement, and store minerals.",
      "category": "anatomy",
      "combined": "bones: Bones: Rigid connective tissues that form the skeletal framework, protect organs, enable movement, and store minerals."
    }
  ],
  "cluster_105": [
    {
      "id": "ENT_004211",
      "text": "joints",
      "definition": "Joints: Connections between bones that allow movement and provide mechanical support to the skeletal system.",
      "category": "anatomy",
      "combined": "joints: Joints: Connections between bones that allow movement and provide mechanical support to the skeletal system."
    }
  ],
  "cluster_106": [
    {
      "id": "ENT_004215",
      "text": "enlarged tonsils",
      "definition": "Enlarged tonsils: Swollen lymphoid tissues in the throat that indicate immune response to infection or inflammation.",
      "category": "anatomy",
      "combined": "enlarged tonsils: Enlarged tonsils: Swollen lymphoid tissues in the throat that indicate immune response to infection or inflammation."
    }
  ],
  "cluster_107": [
    {
      "id": "ENT_004217",
      "text": "laryngeal collapse",
      "definition": "Laryngeal collapse: A condition where the cartilages of the larynx lose rigidity and obstruct the airway during breathing.",
      "category": "anatomy",
      "combined": "laryngeal collapse: Laryngeal collapse: A condition where the cartilages of the larynx lose rigidity and obstruct the airway during breathing."
    }
  ],
  "cluster_108": [
    {
      "id": "ENT_004272",
      "text": "bronchioles",
      "definition": "Bronchioles: Small branching airways in the lungs that conduct air from the bronchi to the alveoli for gas exchange.",
      "category": "anatomy",
      "combined": "bronchioles: Bronchioles: Small branching airways in the lungs that conduct air from the bronchi to the alveoli for gas exchange."
    }
  ],
  "cluster_109": [
    {
      "id": "ENT_004358",
      "text": "legs",
      "definition": "Legs: Limb structures containing bones, muscles, and joints that support body weight and enable locomotion.",
      "category": "anatomy",
      "combined": "legs: Legs: Limb structures containing bones, muscles, and joints that support body weight and enable locomotion."
    },
    {
      "id": "ENT_005187",
      "text": "feet",
      "definition": "feet: The terminal portions of the limbs that bear weight, provide locomotion, and contain bones, joints, muscles, and protective pads or hooves.",
      "category": "anatomy",
      "combined": "feet: feet: The terminal portions of the limbs that bear weight, provide locomotion, and contain bones, joints, muscles, and protective pads or hooves."
    }
  ],
  "cluster_110": [
    {
      "id": "ENT_004360",
      "text": "groin",
      "definition": "groin: The area where the inner thigh meets the lower abdomen, containing lymph nodes and serving as a passageway for blood vessels and nerves between the abdomen and hindlimbs.",
      "category": "anatomy",
      "combined": "groin: groin: The area where the inner thigh meets the lower abdomen, containing lymph nodes and serving as a passageway for blood vessels and nerves between the abdomen and hindlimbs."
    }
  ],
  "cluster_113": [
    {
      "id": "ENT_004478",
      "text": "von Willebrand factor",
      "definition": "von Willebrand factor: A blood glycoprotein produced by endothelial cells and platelets that aids in blood clotting by helping platelets adhere to damaged blood vessel walls.",
      "category": "anatomy",
      "combined": "von Willebrand factor: von Willebrand factor: A blood glycoprotein produced by endothelial cells and platelets that aids in blood clotting by helping platelets adhere to damaged blood vessel walls."
    }
  ],
  "cluster_114": [
    {
      "id": "ENT_004507",
      "text": "pleural membranes",
      "definition": "pleural membranes: The double-layered serous membranes that line the thoracic cavity (parietal pleura) and cover the lungs (visceral pleura), allowing smooth lung movement during breathing.",
      "category": "anatomy",
      "combined": "pleural membranes: pleural membranes: The double-layered serous membranes that line the thoracic cavity (parietal pleura) and cover the lungs (visceral pleura), allowing smooth lung movement during breathing."
    }
  ],
  "cluster_115": [
    {
      "id": "ENT_004545",
      "text": "Subpleural blebs",
      "definition": "Subpleural blebs: Small air-filled sacs that form between the lung tissue and visceral pleura, typically found at the lung apex.",
      "category": "anatomy",
      "combined": "Subpleural blebs: Subpleural blebs: Small air-filled sacs that form between the lung tissue and visceral pleura, typically found at the lung apex."
    }
  ],
  "cluster_116": [
    {
      "id": "ENT_004546",
      "text": "Bullae",
      "definition": "Bullae: Large air-filled spaces within the lung parenchyma or beneath the pleura, formed by destruction or dilation of alveoli.",
      "category": "anatomy",
      "combined": "Bullae: Bullae: Large air-filled spaces within the lung parenchyma or beneath the pleura, formed by destruction or dilation of alveoli."
    }
  ],
  "cluster_117": [
    {
      "id": "ENT_005108",
      "text": "Descending colon",
      "definition": "Descending colon: The portion of the large intestine that extends from the transverse colon down the left side of the abdomen to the rectum, responsible for water absorption and feces formation.",
      "category": "anatomy",
      "combined": "Descending colon: Descending colon: The portion of the large intestine that extends from the transverse colon down the left side of the abdomen to the rectum, responsible for water absorption and feces formation."
    }
  ],
  "cluster_118": [
    {
      "id": "ENT_005109",
      "text": "Cecum",
      "definition": "Cecum: A blind-ended pouch at the junction of the small and large intestines that aids in fermentation and digestion, particularly important in herbivores.",
      "category": "anatomy",
      "combined": "Cecum: Cecum: A blind-ended pouch at the junction of the small and large intestines that aids in fermentation and digestion, particularly important in herbivores."
    }
  ],
  "cluster_120": [
    {
      "id": "ENT_005186",
      "text": "ears",
      "definition": "ears: Paired sensory organs located on the head that detect sound waves and maintain balance through the vestibular system.",
      "category": "anatomy",
      "combined": "ears: ears: Paired sensory organs located on the head that detect sound waves and maintain balance through the vestibular system."
    }
  ],
  "cluster_122": [
    {
      "id": "ENT_005188",
      "text": "belly",
      "definition": "belly: The ventral region of the abdomen containing digestive organs and bounded by the ribcage cranially and pelvis caudally.",
      "category": "anatomy",
      "combined": "belly: belly: The ventral region of the abdomen containing digestive organs and bounded by the ribcage cranially and pelvis caudally."
    }
  ],
  "cluster_123": [
    {
      "id": "ENT_003420",
      "text": "Thyroid gland",
      "definition": "Thyroid gland: An endocrine gland located in the neck that produces hormones regulating metabolism.",
      "category": "anatomy",
      "combined": "Thyroid gland: Thyroid gland: An endocrine gland located in the neck that produces hormones regulating metabolism."
    }
  ],
  "cluster_124": [
    {
      "id": "ENT_003543",
      "text": "tonsils",
      "definition": "Tonsils: Lymphoid tissues located at the back of the throat that help fight infection.",
      "category": "anatomy",
      "combined": "tonsils: Tonsils: Lymphoid tissues located at the back of the throat that help fight infection."
    }
  ],
  "cluster_125": [
    {
      "id": "ENT_003760",
      "text": "meninges",
      "definition": "Meninges: The protective membranes surrounding the brain and spinal cord.",
      "category": "anatomy",
      "combined": "meninges: Meninges: The protective membranes surrounding the brain and spinal cord."
    }
  ],
  "cluster_126": [
    {
      "id": "ENT_003849",
      "text": "lymphocytes",
      "definition": "Lymphocytes: White blood cells that play a key role in the immune system.",
      "category": "anatomy",
      "combined": "lymphocytes: Lymphocytes: White blood cells that play a key role in the immune system."
    }
  ],
  "cluster_127": [
    {
      "id": "ENT_003850",
      "text": "peripheral blood",
      "definition": "Peripheral blood: The circulating blood found throughout the body.",
      "category": "anatomy",
      "combined": "peripheral blood: Peripheral blood: The circulating blood found throughout the body."
    }
  ],
  "cluster_128": [
    {
      "id": "ENT_003852",
      "text": "thymus gland",
      "definition": "Thymus gland: An endocrine gland located in the upper chest that produces T cells for the immune system.",
      "category": "anatomy",
      "combined": "thymus gland: Thymus gland: An endocrine gland located in the upper chest that produces T cells for the immune system."
    }
  ],
  "cluster_129": [
    {
      "id": "ENT_003907",
      "text": "perianal area",
      "definition": "Perianal area: The region surrounding the anus.",
      "category": "anatomy",
      "combined": "perianal area: Perianal area: The region surrounding the anus."
    }
  ],
  "cluster_130": [
    {
      "id": "ENT_003929",
      "text": "mid-chest area",
      "definition": "Mid-chest area: The central portion of the thoracic cavity between the upper and lower chest.",
      "category": "anatomy",
      "combined": "mid-chest area: Mid-chest area: The central portion of the thoracic cavity between the upper and lower chest."
    }
  ],
  "cluster_131": [
    {
      "id": "ENT_003965",
      "text": "mesentery",
      "definition": "Mesentery: The fold of peritoneum that attaches the intestines to the abdominal wall.",
      "category": "anatomy",
      "combined": "mesentery: Mesentery: The fold of peritoneum that attaches the intestines to the abdominal wall."
    }
  ],
  "cluster_132": [
    {
      "id": "ENT_003966",
      "text": "cranial mesenteric vessels",
      "definition": "Cranial mesenteric vessels: The blood vessels that supply the small intestine and part of the large intestine.",
      "category": "anatomy",
      "combined": "cranial mesenteric vessels: Cranial mesenteric vessels: The blood vessels that supply the small intestine and part of the large intestine."
    }
  ]
}