{
  "cluster_0": [
    {
      "id": "ENT_000003",
      "text": "Dogs",
      "definition": "Dogs: Domestic canines (Canis familiaris) that can carry rabies, parvovirus, distemper, leptospirosis, and various parasites including roundworms, hookworms, and fleas.",
      "category": "host",
      "combined": "Dogs: Dogs: Domestic canines (Canis familiaris) that can carry rabies, parvovirus, distemper, leptospirosis, and various parasites including roundworms, hookworms, and fleas."
    }
  ],
  "cluster_1": [
    {
      "id": "ENT_000004",
      "text": "Cats",
      "definition": "Cats: Domestic felines (Felis catus) that can carry toxoplasmosis, feline leukemia virus, feline immunodeficiency virus, rabies, and various parasites including roundworms and fleas.",
      "category": "host",
      "combined": "Cats: Cats: Domestic felines (Felis catus) that can carry toxoplasmosis, feline leukemia virus, feline immunodeficiency virus, rabies, and various parasites including roundworms and fleas."
    },
    {
      "id": "ENT_000220",
      "text": "domestic felids",
      "definition": "Domestic felids: Domesticated members of the cat family including house cats that can carry toxoplasmosis, feline infectious peritonitis, ringworm, and various viral and bacterial pathogens.",
      "category": "host",
      "combined": "domestic felids: Domestic felids: Domesticated members of the cat family including house cats that can carry toxoplasmosis, feline infectious peritonitis, ringworm, and various viral and bacterial pathogens."
    },
    {
      "id": "ENT_001579",
      "text": "domestic cats",
      "definition": "domestic cats: Feline companion animals that can harbor Toxoplasma gondii, feline leukemia virus, feline immunodeficiency virus, Bartonella henselae, and various respiratory pathogens.",
      "category": "host",
      "combined": "domestic cats: domestic cats: Feline companion animals that can harbor Toxoplasma gondii, feline leukemia virus, feline immunodeficiency virus, Bartonella henselae, and various respiratory pathogens."
    }
  ],
  "cluster_2": [
    {
      "id": "ENT_000150",
      "text": "puppies",
      "definition": "Puppies: Young domestic dogs under 12 months of age that are particularly susceptible to parvovirus, distemper, parasites, and kennel cough.",
      "category": "host",
      "combined": "puppies: Puppies: Young domestic dogs under 12 months of age that are particularly susceptible to parvovirus, distemper, parasites, and kennel cough."
    }
  ],
  "cluster_4": [
    {
      "id": "ENT_000221",
      "text": "wild felids",
      "definition": "Wild felids: Non-domesticated members of the cat family including lions, tigers, and wildcats that can carry rabies, feline leukemia virus, toxoplasmosis, and various zoonotic parasites.",
      "category": "host",
      "combined": "wild felids: Wild felids: Non-domesticated members of the cat family including lions, tigers, and wildcats that can carry rabies, feline leukemia virus, toxoplasmosis, and various zoonotic parasites."
    },
    {
      "id": "ENT_002290",
      "text": "wild cats",
      "definition": "wild cats: Undomesticated feline species that serve as reservoirs for rabies, toxoplasmosis, feline panleukopenia, and various zoonotic parasites.",
      "category": "host",
      "combined": "wild cats: wild cats: Undomesticated feline species that serve as reservoirs for rabies, toxoplasmosis, feline panleukopenia, and various zoonotic parasites."
    }
  ],
  "cluster_5": [
    {
      "id": "ENT_000222",
      "text": "gastropods",
      "definition": "Gastropods: Mollusks including snails and slugs that serve as intermediate hosts for lungworms (Angiostrongylus), liver flukes, and rat lungworm.",
      "category": "host",
      "combined": "gastropods: Gastropods: Mollusks including snails and slugs that serve as intermediate hosts for lungworms (Angiostrongylus), liver flukes, and rat lungworm."
    }
  ],
  "cluster_6": [
    {
      "id": "ENT_000223",
      "text": "paratenic hosts",
      "definition": "Paratenic hosts: Transport hosts in which parasites survive but do not develop, serving as a bridge between intermediate and definitive hosts for various helminths and protozoa.",
      "category": "host",
      "combined": "paratenic hosts: Paratenic hosts: Transport hosts in which parasites survive but do not develop, serving as a bridge between intermediate and definitive hosts for various helminths and protozoa."
    }
  ],
  "cluster_7": [
    {
      "id": "ENT_000314",
      "text": "horses",
      "definition": "Horses: Equine mammals (Equus caballus) that can carry Eastern/Western equine encephalitis, West Nile virus, strangles, equine influenza, and various parasites including strongyles.",
      "category": "host",
      "combined": "horses: Horses: Equine mammals (Equus caballus) that can carry Eastern/Western equine encephalitis, West Nile virus, strangles, equine influenza, and various parasites including strongyles."
    }
  ],
  "cluster_8": [
    {
      "id": "ENT_000315",
      "text": "humans",
      "definition": "Humans: Homo sapiens that can transmit zoonotic diseases to animals including MRSA, tuberculosis, influenza, and serve as hosts for various parasites shared with companion animals.",
      "category": "host",
      "combined": "humans: Humans: Homo sapiens that can transmit zoonotic diseases to animals including MRSA, tuberculosis, influenza, and serve as hosts for various parasites shared with companion animals."
    }
  ],
  "cluster_9": [
    {
      "id": "ENT_000469",
      "text": "American pit bull terrier",
      "definition": "American pit bull terrier: A medium-sized dog breed that carries the same disease risks as other domestic dogs including parvovirus, rabies, and parasites, with no breed-specific pathogens.",
      "category": "host",
      "combined": "American pit bull terrier: American pit bull terrier: A medium-sized dog breed that carries the same disease risks as other domestic dogs including parvovirus, rabies, and parasites, with no breed-specific pathogens."
    }
  ],
  "cluster_10": [
    {
      "id": "ENT_000510",
      "text": "older dogs",
      "definition": "Older dogs: Canines typically over 7 years of age that are susceptible to age-related conditions including cancer, arthritis, kidney disease, heart disease, and cognitive dysfunction.",
      "category": "host",
      "combined": "older dogs: Older dogs: Canines typically over 7 years of age that are susceptible to age-related conditions including cancer, arthritis, kidney disease, heart disease, and cognitive dysfunction."
    },
    {
      "id": "ENT_002468",
      "text": "middle-aged to older dogs",
      "definition": "middle-aged to older dogs: Canines typically over 7 years of age that commonly develop osteoarthritis, neoplasia, cognitive dysfunction, and endocrine disorders.",
      "category": "host",
      "combined": "middle-aged to older dogs: middle-aged to older dogs: Canines typically over 7 years of age that commonly develop osteoarthritis, neoplasia, cognitive dysfunction, and endocrine disorders."
    },
    {
      "id": "ENT_003253",
      "text": "older pets",
      "definition": "older pets: Senior dogs typically over 7 years old with increased susceptibility to cancer, kidney disease, and cognitive dysfunction.",
      "category": "host",
      "combined": "older pets: older pets: Senior dogs typically over 7 years old with increased susceptibility to cancer, kidney disease, and cognitive dysfunction."
    }
  ],
  "cluster_11": [
    {
      "id": "ENT_000511",
      "text": "young, mixed-breed, castrated male dogs",
      "definition": "Young, mixed-breed, castrated male dogs: Neutered male dogs of multiple breed ancestry under 3 years of age that may be prone to infectious diseases, trauma, and behavioral issues but generally have lower risks of breed-specific genetic conditions.",
      "category": "host",
      "combined": "young, mixed-breed, castrated male dogs: Young, mixed-breed, castrated male dogs: Neutered male dogs of multiple breed ancestry under 3 years of age that may be prone to infectious diseases, trauma, and behavioral issues but generally have lower risks of breed-specific genetic conditions."
    }
  ],
  "cluster_12": [
    {
      "id": "ENT_000550",
      "text": "Bulldogs",
      "definition": "Bulldogs: A brachycephalic dog breed prone to respiratory disorders, hip dysplasia, skin fold infections, cherry eye, and heat stroke due to their shortened airways and body conformation.",
      "category": "host",
      "combined": "Bulldogs: Bulldogs: A brachycephalic dog breed prone to respiratory disorders, hip dysplasia, skin fold infections, cherry eye, and heat stroke due to their shortened airways and body conformation."
    },
    {
      "id": "ENT_000552",
      "text": "French Bulldogs",
      "definition": "French Bulldogs: A small brachycephalic breed predisposed to intervertebral disc disease, respiratory problems, allergies, hip dysplasia, and patellar luxation.",
      "category": "host",
      "combined": "French Bulldogs: French Bulldogs: A small brachycephalic breed predisposed to intervertebral disc disease, respiratory problems, allergies, hip dysplasia, and patellar luxation."
    }
  ],
  "cluster_13": [
    {
      "id": "ENT_000551",
      "text": "Pugs",
      "definition": "Pugs: A small brachycephalic breed susceptible to brachycephalic obstructive airway syndrome, eye problems including corneal ulcers, hip dysplasia, and pug dog encephalitis.",
      "category": "host",
      "combined": "Pugs: Pugs: A small brachycephalic breed susceptible to brachycephalic obstructive airway syndrome, eye problems including corneal ulcers, hip dysplasia, and pug dog encephalitis."
    }
  ],
  "cluster_15": [
    {
      "id": "ENT_000553",
      "text": "Boston Terriers",
      "definition": "Boston Terriers: A small brachycephalic breed prone to respiratory issues, patellar luxation, cataracts, deafness, and allergic dermatitis.",
      "category": "host",
      "combined": "Boston Terriers: Boston Terriers: A small brachycephalic breed prone to respiratory issues, patellar luxation, cataracts, deafness, and allergic dermatitis."
    }
  ],
  "cluster_16": [
    {
      "id": "ENT_000657",
      "text": "small-breed dogs",
      "definition": "Small-breed dogs: Dogs typically weighing under 22 pounds that are predisposed to dental disease, patellar luxation, tracheal collapse, hypoglycemia, and portosystemic shunts.",
      "category": "host",
      "combined": "small-breed dogs: Small-breed dogs: Dogs typically weighing under 22 pounds that are predisposed to dental disease, patellar luxation, tracheal collapse, hypoglycemia, and portosystemic shunts."
    },
    {
      "id": "ENT_002817",
      "text": "small and toy-breed dogs",
      "definition": "small and toy-breed dogs: Dogs typically under 25 pounds that are susceptible to dental disease, luxating patellas, and hypoglycemia.",
      "category": "host",
      "combined": "small and toy-breed dogs: small and toy-breed dogs: Dogs typically under 25 pounds that are susceptible to dental disease, luxating patellas, and hypoglycemia."
    }
  ],
  "cluster_17": [
    {
      "id": "ENT_000658",
      "text": "West Highland white terriers",
      "definition": "West Highland white terriers: A small terrier breed genetically predisposed to atopic dermatitis, pulmonary fibrosis, craniomandibular osteopathy, and white shaker syndrome.",
      "category": "host",
      "combined": "West Highland white terriers: West Highland white terriers: A small terrier breed genetically predisposed to atopic dermatitis, pulmonary fibrosis, craniomandibular osteopathy, and white shaker syndrome."
    }
  ],
  "cluster_18": [
    {
      "id": "ENT_000659",
      "text": "cocker spaniels",
      "definition": "Cocker spaniels: A medium-sized sporting breed susceptible to ear infections, progressive retinal atrophy, hip dysplasia, autoimmune hemolytic anemia, and seborrhea.",
      "category": "host",
      "combined": "cocker spaniels: Cocker spaniels: A medium-sized sporting breed susceptible to ear infections, progressive retinal atrophy, hip dysplasia, autoimmune hemolytic anemia, and seborrhea."
    }
  ],
  "cluster_19": [
    {
      "id": "ENT_000709",
      "text": "Ferrets",
      "definition": "Ferrets: Domesticated mustelids that are susceptible to influenza viruses, canine distemper, insulinomas, adrenal disease, and lymphoma.",
      "category": "host",
      "combined": "Ferrets: Ferrets: Domesticated mustelids that are susceptible to influenza viruses, canine distemper, insulinomas, adrenal disease, and lymphoma."
    }
  ],
  "cluster_20": [
    {
      "id": "ENT_000710",
      "text": "Raccoons",
      "definition": "Raccoons: North American omnivorous mammals that commonly carry rabies, raccoon roundworm (Baylisascaris procyonis), leptospirosis, and canine distemper virus.",
      "category": "host",
      "combined": "Raccoons: Raccoons: North American omnivorous mammals that commonly carry rabies, raccoon roundworm (Baylisascaris procyonis), leptospirosis, and canine distemper virus."
    }
  ],
  "cluster_21": [
    {
      "id": "ENT_000711",
      "text": "Skunks",
      "definition": "Skunks: Small carnivorous mammals that are primary rabies reservoirs in North America and can also carry leptospirosis, canine distemper, and various parasites.",
      "category": "host",
      "combined": "Skunks: Skunks: Small carnivorous mammals that are primary rabies reservoirs in North America and can also carry leptospirosis, canine distemper, and various parasites."
    }
  ],
  "cluster_22": [
    {
      "id": "ENT_000712",
      "text": "Large cats",
      "definition": "Large cats: Felids including lions, tigers, leopards, and cougars that can harbor feline immunodeficiency virus, feline leukemia virus, toxoplasmosis, and various zoonotic parasites.",
      "category": "host",
      "combined": "Large cats: Large cats: Felids including lions, tigers, leopards, and cougars that can harbor feline immunodeficiency virus, feline leukemia virus, toxoplasmosis, and various zoonotic parasites."
    }
  ],
  "cluster_23": [
    {
      "id": "ENT_000767",
      "text": "puppies under 3 weeks old",
      "definition": "Puppies under 3 weeks old: Neonatal dogs with immature immune systems particularly susceptible to parvovirus, herpesvirus, bacterial sepsis, and intestinal parasites transmitted from the dam.",
      "category": "host",
      "combined": "puppies under 3 weeks old: Puppies under 3 weeks old: Neonatal dogs with immature immune systems particularly susceptible to parvovirus, herpesvirus, bacterial sepsis, and intestinal parasites transmitted from the dam."
    }
  ],
  "cluster_24": [
    {
      "id": "ENT_000768",
      "text": "adult dogs",
      "definition": "Adult dogs: Mature canines that can carry and transmit rabies, leptospirosis, brucellosis, various intestinal parasites, and vector-borne diseases like Lyme disease and ehrlichiosis.",
      "category": "host",
      "combined": "adult dogs: Adult dogs: Mature canines that can carry and transmit rabies, leptospirosis, brucellosis, various intestinal parasites, and vector-borne diseases like Lyme disease and ehrlichiosis."
    }
  ],
  "cluster_25": [
    {
      "id": "ENT_000769",
      "text": "pregnant bitches",
      "definition": "Pregnant bitches: Female dogs during gestation that are at increased risk for herpesvirus, brucellosis, and toxoplasmosis, which can cause reproductive failure and neonatal mortality.",
      "category": "host",
      "combined": "pregnant bitches: Pregnant bitches: Female dogs during gestation that are at increased risk for herpesvirus, brucellosis, and toxoplasmosis, which can cause reproductive failure and neonatal mortality."
    }
  ],
  "cluster_26": [
    {
      "id": "ENT_000830",
      "text": "elderly dogs",
      "definition": "Elderly dogs: Senior canines with age-related immune decline prone to opportunistic infections, neoplasia-associated pathogens, and chronic conditions like dental disease harboring oral bacteria.",
      "category": "host",
      "combined": "elderly dogs: Elderly dogs: Senior canines with age-related immune decline prone to opportunistic infections, neoplasia-associated pathogens, and chronic conditions like dental disease harboring oral bacteria."
    }
  ],
  "cluster_27": [
    {
      "id": "ENT_000831",
      "text": "dogs with weakened immune systems",
      "definition": "Dogs with weakened immune systems: Immunocompromised canines susceptible to opportunistic pathogens including Pneumocystis, cryptococcosis, toxoplasmosis, and normally commensal organisms.",
      "category": "host",
      "combined": "dogs with weakened immune systems: Dogs with weakened immune systems: Immunocompromised canines susceptible to opportunistic pathogens including Pneumocystis, cryptococcosis, toxoplasmosis, and normally commensal organisms."
    }
  ],
  "cluster_28": [
    {
      "id": "ENT_000874",
      "text": "young, unvaccinated dogs",
      "definition": "Young, unvaccinated dogs: Juvenile canines lacking maternal antibodies and vaccine-induced immunity, highly susceptible to parvovirus, distemper, infectious hepatitis, and kennel cough complex.",
      "category": "host",
      "combined": "young, unvaccinated dogs: Young, unvaccinated dogs: Juvenile canines lacking maternal antibodies and vaccine-induced immunity, highly susceptible to parvovirus, distemper, infectious hepatitis, and kennel cough complex."
    }
  ],
  "cluster_29": [
    {
      "id": "ENT_001139",
      "text": "Bedlington terriers",
      "definition": "Bedlington terriers: A dog breed with genetic predisposition to copper storage disease (copper toxicosis) making them susceptible to chronic hepatitis and secondary infections.",
      "category": "host",
      "combined": "Bedlington terriers: Bedlington terriers: A dog breed with genetic predisposition to copper storage disease (copper toxicosis) making them susceptible to chronic hepatitis and secondary infections."
    }
  ],
  "cluster_30": [
    {
      "id": "ENT_001469",
      "text": "Doberman Pinschers",
      "definition": "Doberman Pinschers: A large breed of domestic dog susceptible to dilated cardiomyopathy, von Willebrand's disease, cervical vertebral instability, and various cancers including osteosarcoma.",
      "category": "host",
      "combined": "Doberman Pinschers: Doberman Pinschers: A large breed of domestic dog susceptible to dilated cardiomyopathy, von Willebrand's disease, cervical vertebral instability, and various cancers including osteosarcoma."
    }
  ],
  "cluster_31": [
    {
      "id": "ENT_001470",
      "text": "Skye Terriers",
      "definition": "Skye Terriers: A small terrier breed of domestic dog prone to hepatitis, intervertebral disc disease, and various orthopedic conditions due to their long back structure.",
      "category": "host",
      "combined": "Skye Terriers: Skye Terriers: A small terrier breed of domestic dog prone to hepatitis, intervertebral disc disease, and various orthopedic conditions due to their long back structure."
    }
  ],
  "cluster_32": [
    {
      "id": "ENT_001519",
      "text": "Young ruminants",
      "definition": "Young ruminants: Juvenile cattle, sheep, and goats that are particularly susceptible to clostridial diseases, coccidiosis, respiratory infections, and neonatal diarrhea pathogens.",
      "category": "host",
      "combined": "Young ruminants: Young ruminants: Juvenile cattle, sheep, and goats that are particularly susceptible to clostridial diseases, coccidiosis, respiratory infections, and neonatal diarrhea pathogens."
    }
  ],
  "cluster_33": [
    {
      "id": "ENT_001555",
      "text": "rabbits",
      "definition": "rabbits: Lagomorph species commonly kept as pets or livestock that can carry Pasteurella multocida, Encephalitozoon cuniculi, rabbit hemorrhagic disease virus, and various gastrointestinal parasites.",
      "category": "host",
      "combined": "rabbits: rabbits: Lagomorph species commonly kept as pets or livestock that can carry Pasteurella multocida, Encephalitozoon cuniculi, rabbit hemorrhagic disease virus, and various gastrointestinal parasites."
    }
  ],
  "cluster_35": [
    {
      "id": "ENT_001604",
      "text": "cattle",
      "definition": "cattle: Large ruminant livestock species susceptible to bovine viral diarrhea, infectious bovine rhinotracheitis, brucellosis, tuberculosis, and various clostridial diseases.",
      "category": "host",
      "combined": "cattle: cattle: Large ruminant livestock species susceptible to bovine viral diarrhea, infectious bovine rhinotracheitis, brucellosis, tuberculosis, and various clostridial diseases."
    }
  ],
  "cluster_36": [
    {
      "id": "ENT_001605",
      "text": "sheep",
      "definition": "sheep: Small ruminant livestock species that can carry Coxiella burnetii (Q fever), Chlamydia abortus, scrapie prions, and various internal parasites including liver flukes.",
      "category": "host",
      "combined": "sheep: sheep: Small ruminant livestock species that can carry Coxiella burnetii (Q fever), Chlamydia abortus, scrapie prions, and various internal parasites including liver flukes."
    }
  ],
  "cluster_37": [
    {
      "id": "ENT_001606",
      "text": "goats",
      "definition": "goats: Small ruminant livestock species prone to caprine arthritis encephalitis virus, caseous lymphadenitis, Johne's disease, and various gastrointestinal parasites.",
      "category": "host",
      "combined": "goats: goats: Small ruminant livestock species prone to caprine arthritis encephalitis virus, caseous lymphadenitis, Johne's disease, and various gastrointestinal parasites."
    }
  ],
  "cluster_38": [
    {
      "id": "ENT_001792",
      "text": "Brachycephalic breeds",
      "definition": "Brachycephalic breeds: Short-nosed dog and cat breeds predisposed to brachycephalic obstructive airway syndrome, heat stroke, dental disease, and skin fold infections.",
      "category": "host",
      "combined": "Brachycephalic breeds: Brachycephalic breeds: Short-nosed dog and cat breeds predisposed to brachycephalic obstructive airway syndrome, heat stroke, dental disease, and skin fold infections."
    },
    {
      "id": "ENT_002708",
      "text": "Short-muzzle breeds",
      "definition": "Short-muzzle breeds: Brachycephalic dogs with shortened facial structures predisposed to respiratory distress, heat stroke, and dental disease.",
      "category": "host",
      "combined": "Short-muzzle breeds: Short-muzzle breeds: Brachycephalic dogs with shortened facial structures predisposed to respiratory distress, heat stroke, and dental disease."
    }
  ],
  "cluster_39": [
    {
      "id": "ENT_001793",
      "text": "Companion animals",
      "definition": "Companion animals: Domesticated dogs, cats, and other pets living closely with humans that can transmit zoonotic diseases including rabies, leptospirosis, ringworm, and various parasites.",
      "category": "host",
      "combined": "Companion animals: Companion animals: Domesticated dogs, cats, and other pets living closely with humans that can transmit zoonotic diseases including rabies, leptospirosis, ringworm, and various parasites."
    }
  ],
  "cluster_40": [
    {
      "id": "ENT_001889",
      "text": "Overweight cats",
      "definition": "Overweight cats: Domestic cats with excess body weight that are predisposed to diabetes mellitus, hepatic lipidosis, lower urinary tract disease, and osteoarthritis.",
      "category": "host",
      "combined": "Overweight cats: Overweight cats: Domestic cats with excess body weight that are predisposed to diabetes mellitus, hepatic lipidosis, lower urinary tract disease, and osteoarthritis."
    }
  ],
  "cluster_42": [
    {
      "id": "ENT_002056",
      "text": "Kittens",
      "definition": "Kittens: Juvenile domestic cats under 6 months of age that are susceptible to feline panleukopenia, upper respiratory infections, intestinal parasites, and feline infectious peritonitis.",
      "category": "host",
      "combined": "Kittens: Kittens: Juvenile domestic cats under 6 months of age that are susceptible to feline panleukopenia, upper respiratory infections, intestinal parasites, and feline infectious peritonitis."
    },
    {
      "id": "ENT_002098",
      "text": "young to middle-aged cats",
      "definition": "Young to middle-aged cats: Domestic cats between 1-7 years old that commonly develop inflammatory bowel disease, feline lower urinary tract disease, and viral infections like FIV and FeLV.",
      "category": "host",
      "combined": "young to middle-aged cats: Young to middle-aged cats: Domestic cats between 1-7 years old that commonly develop inflammatory bowel disease, feline lower urinary tract disease, and viral infections like FIV and FeLV."
    },
    {
      "id": "ENT_002213",
      "text": "Young cats",
      "definition": "Young cats: Domestic cats between 6 months to 2 years old that are prone to infectious diseases, parasites, and behavioral-related conditions due to their developing immune systems and exploratory nature.",
      "category": "host",
      "combined": "Young cats: Young cats: Domestic cats between 6 months to 2 years old that are prone to infectious diseases, parasites, and behavioral-related conditions due to their developing immune systems and exploratory nature."
    },
    {
      "id": "ENT_002245",
      "text": "cats between 2 and 7 years",
      "definition": "cats between 2 and 7 years: Adult domestic cats in their prime years that commonly carry respiratory viruses, intestinal parasites, and are at risk for feline leukemia virus and feline immunodeficiency virus.",
      "category": "host",
      "combined": "cats between 2 and 7 years: cats between 2 and 7 years: Adult domestic cats in their prime years that commonly carry respiratory viruses, intestinal parasites, and are at risk for feline leukemia virus and feline immunodeficiency virus."
    }
  ],
  "cluster_43": [
    {
      "id": "ENT_002212",
      "text": "Adult male cats with outdoor access",
      "definition": "Adult male cats with outdoor access: Sexually mature male domestic cats allowed outdoors that have increased risk of FIV, FeLV, bite wound abscesses, and traumatic injuries from fighting.",
      "category": "host",
      "combined": "Adult male cats with outdoor access: Adult male cats with outdoor access: Sexually mature male domestic cats allowed outdoors that have increased risk of FIV, FeLV, bite wound abscesses, and traumatic injuries from fighting."
    }
  ],
  "cluster_45": [
    {
      "id": "ENT_002214",
      "text": "Older cats",
      "definition": "Older cats: Senior domestic cats over 7 years old that commonly develop chronic kidney disease, hyperthyroidism, diabetes mellitus, and neoplasia.",
      "category": "host",
      "combined": "Older cats: Older cats: Senior domestic cats over 7 years old that commonly develop chronic kidney disease, hyperthyroidism, diabetes mellitus, and neoplasia."
    },
    {
      "id": "ENT_002246",
      "text": "cats over 10 years",
      "definition": "cats over 10 years: Senior domestic cats that frequently develop chronic kidney disease, hyperthyroidism, diabetes mellitus, and neoplasia.",
      "category": "host",
      "combined": "cats over 10 years: cats over 10 years: Senior domestic cats that frequently develop chronic kidney disease, hyperthyroidism, diabetes mellitus, and neoplasia."
    }
  ],
  "cluster_46": [
    {
      "id": "ENT_002241",
      "text": "Russian Blue",
      "definition": "Russian Blue: A domestic cat breed with dense blue-gray coat that has genetic predisposition to bladder stones and may be prone to progressive retinal atrophy.",
      "category": "host",
      "combined": "Russian Blue: Russian Blue: A domestic cat breed with dense blue-gray coat that has genetic predisposition to bladder stones and may be prone to progressive retinal atrophy."
    }
  ],
  "cluster_47": [
    {
      "id": "ENT_002242",
      "text": "Himalayan",
      "definition": "Himalayan: A long-haired domestic cat breed resulting from Persian-Siamese crosses that is predisposed to polycystic kidney disease, brachycephalic airway syndrome, and dental malocclusions.",
      "category": "host",
      "combined": "Himalayan: Himalayan: A long-haired domestic cat breed resulting from Persian-Siamese crosses that is predisposed to polycystic kidney disease, brachycephalic airway syndrome, and dental malocclusions."
    }
  ],
  "cluster_48": [
    {
      "id": "ENT_002243",
      "text": "Persian",
      "definition": "Persian: A brachycephalic domestic cat breed with long coat that is genetically predisposed to polycystic kidney disease, progressive retinal atrophy, and respiratory issues due to facial conformation.",
      "category": "host",
      "combined": "Persian: Persian: A brachycephalic domestic cat breed with long coat that is genetically predisposed to polycystic kidney disease, progressive retinal atrophy, and respiratory issues due to facial conformation."
    }
  ],
  "cluster_49": [
    {
      "id": "ENT_002244",
      "text": "Abyssinian",
      "definition": "Abyssinian: An active domestic cat breed with ticked coat pattern that has genetic predisposition to pyruvate kinase deficiency, progressive retinal atrophy, and renal amyloidosis.",
      "category": "host",
      "combined": "Abyssinian: Abyssinian: An active domestic cat breed with ticked coat pattern that has genetic predisposition to pyruvate kinase deficiency, progressive retinal atrophy, and renal amyloidosis."
    }
  ],
  "cluster_52": [
    {
      "id": "ENT_002247",
      "text": "castrated males",
      "definition": "castrated males: Neutered male animals of various species that have reduced risk of reproductive cancers and territorial aggression-related injuries but increased susceptibility to obesity and associated metabolic disorders.",
      "category": "host",
      "combined": "castrated males: castrated males: Neutered male animals of various species that have reduced risk of reproductive cancers and territorial aggression-related injuries but increased susceptibility to obesity and associated metabolic disorders."
    },
    {
      "id": "ENT_002472",
      "text": "neutered male dogs",
      "definition": "neutered male dogs: Castrated male dogs that may have increased risk for certain cancers, obesity, and orthopedic disorders compared to intact males.",
      "category": "host",
      "combined": "neutered male dogs: neutered male dogs: Castrated male dogs that may have increased risk for certain cancers, obesity, and orthopedic disorders compared to intact males."
    }
  ],
  "cluster_53": [
    {
      "id": "ENT_002248",
      "text": "spayed females",
      "definition": "spayed females: Sterilized female animals of various species that have eliminated risk of pyometra and reduced mammary cancer risk but may develop urinary incontinence and weight gain.",
      "category": "host",
      "combined": "spayed females: spayed females: Sterilized female animals of various species that have eliminated risk of pyometra and reduced mammary cancer risk but may develop urinary incontinence and weight gain."
    }
  ],
  "cluster_55": [
    {
      "id": "ENT_002292",
      "text": "mink",
      "definition": "mink: Semi-aquatic mustelids that are susceptible to Aleutian disease, canine distemper, influenza viruses, and SARS-CoV-2.",
      "category": "host",
      "combined": "mink: mink: Semi-aquatic mustelids that are susceptible to Aleutian disease, canine distemper, influenza viruses, and SARS-CoV-2."
    }
  ],
  "cluster_56": [
    {
      "id": "ENT_002293",
      "text": "foxes",
      "definition": "foxes: Wild canids that are primary reservoirs for rabies, sarcoptic mange, and Echinococcus multilocularis in many regions.",
      "category": "host",
      "combined": "foxes: foxes: Wild canids that are primary reservoirs for rabies, sarcoptic mange, and Echinococcus multilocularis in many regions."
    }
  ],
  "cluster_57": [
    {
      "id": "ENT_002467",
      "text": "Large and deep-chested dog breeds",
      "definition": "Large and deep-chested dog breeds: Dogs with broad, deep thoracic cavities that are predisposed to gastric dilatation-volvulus, dilated cardiomyopathy, and hip dysplasia.",
      "category": "host",
      "combined": "Large and deep-chested dog breeds: Large and deep-chested dog breeds: Dogs with broad, deep thoracic cavities that are predisposed to gastric dilatation-volvulus, dilated cardiomyopathy, and hip dysplasia."
    }
  ],
  "cluster_59": [
    {
      "id": "ENT_002469",
      "text": "Great Dane",
      "definition": "Great Dane: A giant dog breed prone to dilated cardiomyopathy, gastric dilatation-volvulus, hip dysplasia, and osteosarcoma.",
      "category": "host",
      "combined": "Great Dane: Great Dane: A giant dog breed prone to dilated cardiomyopathy, gastric dilatation-volvulus, hip dysplasia, and osteosarcoma."
    }
  ],
  "cluster_60": [
    {
      "id": "ENT_002470",
      "text": "Akita",
      "definition": "Akita: A large Japanese spitz-type dog breed that may be predisposed to autoimmune disorders, hypothyroidism, and certain cancers.",
      "category": "host",
      "combined": "Akita: Akita: A large Japanese spitz-type dog breed that may be predisposed to autoimmune disorders, hypothyroidism, and certain cancers."
    }
  ],
  "cluster_61": [
    {
      "id": "ENT_002471",
      "text": "Dogue de Bordeaux",
      "definition": "Dogue de Bordeaux: A large French mastiff breed susceptible to dilated cardiomyopathy, hip dysplasia, and brachycephalic airway syndrome.",
      "category": "host",
      "combined": "Dogue de Bordeaux: Dogue de Bordeaux: A large French mastiff breed susceptible to dilated cardiomyopathy, hip dysplasia, and brachycephalic airway syndrome."
    }
  ],
  "cluster_63": [
    {
      "id": "ENT_002707",
      "text": "Large breed dogs",
      "definition": "Large breed dogs: Dogs typically weighing over 50 pounds that are prone to hip dysplasia, gastric dilatation-volvulus, and developmental orthopedic diseases.",
      "category": "host",
      "combined": "Large breed dogs: Large breed dogs: Dogs typically weighing over 50 pounds that are prone to hip dysplasia, gastric dilatation-volvulus, and developmental orthopedic diseases."
    },
    {
      "id": "ENT_004612",
      "text": "adult large breed dogs",
      "definition": "Adult large breed dogs: Domestic canines over 50 pounds and older than one year that commonly develop hip dysplasia, dilated cardiomyopathy, gastric dilatation-volvulus, and may carry parvovirus, distemper, and various endoparasites.",
      "category": "host",
      "combined": "adult large breed dogs: Adult large breed dogs: Domestic canines over 50 pounds and older than one year that commonly develop hip dysplasia, dilated cardiomyopathy, gastric dilatation-volvulus, and may carry parvovirus, distemper, and various endoparasites."
    }
  ],
  "cluster_65": [
    {
      "id": "ENT_002710",
      "text": "Overweight individuals",
      "definition": "Overweight individuals: Dogs with excess body weight that face increased risk for diabetes, arthritis, and cardiovascular disease.",
      "category": "host",
      "combined": "Overweight individuals: Overweight individuals: Dogs with excess body weight that face increased risk for diabetes, arthritis, and cardiovascular disease."
    }
  ],
  "cluster_67": [
    {
      "id": "ENT_002972",
      "text": "Scottish Terriers",
      "definition": "Scottish Terriers: A small terrier breed with genetic predisposition to bladder cancer, Scottie cramp, and von Willebrand disease.",
      "category": "host",
      "combined": "Scottish Terriers: Scottish Terriers: A small terrier breed with genetic predisposition to bladder cancer, Scottie cramp, and von Willebrand disease."
    }
  ],
  "cluster_68": [
    {
      "id": "ENT_003252",
      "text": "toy breed puppies",
      "definition": "toy breed puppies: Young dogs of miniature breeds particularly vulnerable to hypoglycemia, portosystemic shunts, and trauma.",
      "category": "host",
      "combined": "toy breed puppies: toy breed puppies: Young dogs of miniature breeds particularly vulnerable to hypoglycemia, portosystemic shunts, and trauma."
    }
  ],
  "cluster_70": [
    {
      "id": "ENT_004445",
      "text": "bobcats",
      "definition": "Bobcats: Wild feline predators native to North America that can carry rabies, feline leukemia virus, toxoplasmosis, and various parasites including fleas and ticks.",
      "category": "host",
      "combined": "bobcats: Bobcats: Wild feline predators native to North America that can carry rabies, feline leukemia virus, toxoplasmosis, and various parasites including fleas and ticks."
    }
  ],
  "cluster_71": [
    {
      "id": "ENT_004578",
      "text": "dairy cows",
      "definition": "Dairy cows: Domesticated bovines raised for milk production that may harbor mastitis-causing bacteria, bovine viral diarrhea, tuberculosis, brucellosis, and gastrointestinal parasites.",
      "category": "host",
      "combined": "dairy cows: Dairy cows: Domesticated bovines raised for milk production that may harbor mastitis-causing bacteria, bovine viral diarrhea, tuberculosis, brucellosis, and gastrointestinal parasites."
    }
  ],
  "cluster_72": [
    {
      "id": "ENT_004611",
      "text": "young adult, male, non-purebred cats",
      "definition": "Young adult, male, non-purebred cats: Domestic cats between 1-7 years old of mixed breed that are prone to feline immunodeficiency virus, feline leukemia virus, upper respiratory infections, and parasites, with intact males at higher risk due to fighting and roaming behaviors.",
      "category": "host",
      "combined": "young adult, male, non-purebred cats: Young adult, male, non-purebred cats: Domestic cats between 1-7 years old of mixed breed that are prone to feline immunodeficiency virus, feline leukemia virus, upper respiratory infections, and parasites, with intact males at higher risk due to fighting and roaming behaviors."
    }
  ],
  "cluster_74": [
    {
      "id": "ENT_004680",
      "text": "American dog tick",
      "definition": "American dog tick: A hard-bodied tick species (Dermacentor variabilis) found in North America that transmits Rocky Mountain spotted fever and tularemia to dogs and humans.",
      "category": "host",
      "combined": "American dog tick: American dog tick: A hard-bodied tick species (Dermacentor variabilis) found in North America that transmits Rocky Mountain spotted fever and tularemia to dogs and humans."
    }
  ],
  "cluster_75": [
    {
      "id": "ENT_004681",
      "text": "Rocky Mountain wood tick",
      "definition": "Rocky Mountain wood tick: A hard tick species (Dermacentor andersoni) endemic to western North America that vectors Rocky Mountain spotted fever, Colorado tick fever, and tularemia.",
      "category": "host",
      "combined": "Rocky Mountain wood tick: Rocky Mountain wood tick: A hard tick species (Dermacentor andersoni) endemic to western North America that vectors Rocky Mountain spotted fever, Colorado tick fever, and tularemia."
    }
  ],
  "cluster_76": [
    {
      "id": "ENT_004682",
      "text": "brown dog tick",
      "definition": "Brown dog tick: A tick species (Rhipicephalus sanguineus) that primarily parasitizes dogs and can transmit ehrlichiosis, babesiosis, and Rocky Mountain spotted fever.",
      "category": "host",
      "combined": "brown dog tick: Brown dog tick: A tick species (Rhipicephalus sanguineus) that primarily parasitizes dogs and can transmit ehrlichiosis, babesiosis, and Rocky Mountain spotted fever."
    }
  ],
  "cluster_77": [
    {
      "id": "ENT_004908",
      "text": "donkeys",
      "definition": "Donkeys: Domesticated equids used for work and companionship that can carry equine influenza, strangles, African horse sickness, and strongyle parasites.",
      "category": "host",
      "combined": "donkeys: Donkeys: Domesticated equids used for work and companionship that can carry equine influenza, strangles, African horse sickness, and strongyle parasites."
    }
  ],
  "cluster_78": [
    {
      "id": "ENT_004909",
      "text": "mules",
      "definition": "Mules: Hybrid offspring of male donkeys and female horses that are susceptible to equine infectious anemia, West Nile virus, tetanus, and colic-causing parasites.",
      "category": "host",
      "combined": "mules: Mules: Hybrid offspring of male donkeys and female horses that are susceptible to equine infectious anemia, West Nile virus, tetanus, and colic-causing parasites."
    }
  ],
  "cluster_79": [
    {
      "id": "ENT_004910",
      "text": "deer",
      "definition": "Deer: Wild ruminants that serve as reservoirs for chronic wasting disease, bovine tuberculosis, anaplasmosis, and are primary hosts for ticks carrying Lyme disease.",
      "category": "host",
      "combined": "deer: Deer: Wild ruminants that serve as reservoirs for chronic wasting disease, bovine tuberculosis, anaplasmosis, and are primary hosts for ticks carrying Lyme disease."
    }
  ],
  "cluster_80": [
    {
      "id": "ENT_001256",
      "text": "Siamese cats",
      "definition": "Siamese cats: A domestic cat breed that can carry feline immunodeficiency virus and feline leukemia virus.",
      "category": "host",
      "combined": "Siamese cats: Siamese cats: A domestic cat breed that can carry feline immunodeficiency virus and feline leukemia virus."
    },
    {
      "id": "ENT_001257",
      "text": "Himalayan cats",
      "definition": "Himalayan cats: A domestic cat breed that can carry feline immunodeficiency virus and feline leukemia virus.",
      "category": "host",
      "combined": "Himalayan cats: Himalayan cats: A domestic cat breed that can carry feline immunodeficiency virus and feline leukemia virus."
    },
    {
      "id": "ENT_001258",
      "text": "Oriental cat breeds",
      "definition": "Oriental cat breeds: Domestic cat breeds that can carry feline immunodeficiency virus and feline leukemia virus.",
      "category": "host",
      "combined": "Oriental cat breeds: Oriental cat breeds: Domestic cat breeds that can carry feline immunodeficiency virus and feline leukemia virus."
    }
  ],
  "cluster_83": [
    {
      "id": "ENT_001259",
      "text": "Afghan hounds",
      "definition": "Afghan hounds: A breed of hunting dog that can carry canine distemper virus and canine parvovirus.",
      "category": "host",
      "combined": "Afghan hounds: Afghan hounds: A breed of hunting dog that can carry canine distemper virus and canine parvovirus."
    }
  ],
  "cluster_84": [
    {
      "id": "ENT_001260",
      "text": "Shiba Inu dogs",
      "definition": "Shiba Inu dogs: A breed of hunting dog that can carry canine distemper virus and canine parvovirus.",
      "category": "host",
      "combined": "Shiba Inu dogs: Shiba Inu dogs: A breed of hunting dog that can carry canine distemper virus and canine parvovirus."
    }
  ],
  "cluster_85": [
    {
      "id": "ENT_001425",
      "text": "Yorkshire Terriers",
      "definition": "Yorkshire Terriers: A breed of terrier dog that can carry canine distemper virus and canine parvovirus.",
      "category": "host",
      "combined": "Yorkshire Terriers: Yorkshire Terriers: A breed of terrier dog that can carry canine distemper virus and canine parvovirus."
    }
  ],
  "cluster_86": [
    {
      "id": "ENT_001426",
      "text": "Pomeranians",
      "definition": "Pomeranians: A breed of spitz-type dog that can carry canine distemper virus and canine parvovirus.",
      "category": "host",
      "combined": "Pomeranians: Pomeranians: A breed of spitz-type dog that can carry canine distemper virus and canine parvovirus."
    }
  ],
  "cluster_87": [
    {
      "id": "ENT_001427",
      "text": "Chihuahuas",
      "definition": "Chihuahuas: A breed of toy dog that can carry canine distemper virus and canine parvovirus.",
      "category": "host",
      "combined": "Chihuahuas: Chihuahuas: A breed of toy dog that can carry canine distemper virus and canine parvovirus."
    }
  ],
  "cluster_88": [
    {
      "id": "ENT_001467",
      "text": "Dalmatians",
      "definition": "Dalmatians: A breed of hunting dog that can carry canine distemper virus and canine parvovirus.",
      "category": "host",
      "combined": "Dalmatians: Dalmatians: A breed of hunting dog that can carry canine distemper virus and canine parvovirus."
    }
  ],
  "cluster_89": [
    {
      "id": "ENT_001468",
      "text": "Labrador Retrievers",
      "definition": "Labrador Retrievers: A breed of hunting dog that can carry canine distemper virus and canine parvovirus.",
      "category": "host",
      "combined": "Labrador Retrievers: Labrador Retrievers: A breed of hunting dog that can carry canine distemper virus and canine parvovirus."
    }
  ],
  "cluster_90": [
    {
      "id": "ENT_003829",
      "text": "young animals",
      "definition": "young animals: Young, developing animals that may be more susceptible to infectious diseases.",
      "category": "host",
      "combined": "young animals: young animals: Young, developing animals that may be more susceptible to infectious diseases."
    },
    {
      "id": "ENT_003535",
      "text": "young puppies",
      "definition": "Juvenile dogs are young canines that are more susceptible to infectious diseases.",
      "category": "host",
      "combined": "young puppies: Juvenile dogs are young canines that are more susceptible to infectious diseases."
    },
    {
      "id": "ENT_003536",
      "text": "coyotes",
      "definition": "Young puppies are very young canines that are highly vulnerable to infectious diseases.",
      "category": "host",
      "combined": "coyotes: Young puppies are very young canines that are highly vulnerable to infectious diseases."
    }
  ],
  "cluster_91": [
    {
      "id": "ENT_003952",
      "text": "German Shepherd Dogs",
      "definition": "German Shepherd Dogs: A breed of large, herding dogs that can carry various bacterial, viral, and parasitic pathogens.",
      "category": "host",
      "combined": "German Shepherd Dogs: German Shepherd Dogs: A breed of large, herding dogs that can carry various bacterial, viral, and parasitic pathogens."
    }
  ],
  "cluster_92": [
    {
      "id": "ENT_003953",
      "text": "large-breed dogs",
      "definition": "large-breed dogs: Dogs of larger size and weight, such as Great Danes or Mastiffs, that can harbor a range of zoonotic diseases.",
      "category": "host",
      "combined": "large-breed dogs: large-breed dogs: Dogs of larger size and weight, such as Great Danes or Mastiffs, that can harbor a range of zoonotic diseases."
    },
    {
      "id": "ENT_003380",
      "text": "Juvenile dogs",
      "definition": "Large- and giant-breed dogs are canine breeds that may be predisposed to certain genetic and developmental diseases.",
      "category": "host",
      "combined": "Juvenile dogs: Large- and giant-breed dogs are canine breeds that may be predisposed to certain genetic and developmental diseases."
    }
  ],
  "cluster_93": [
    {
      "id": "ENT_003954",
      "text": "Pointers",
      "definition": "Pointers: A breed of hunting dogs that may transmit diseases like Leptospirosis or Brucellosis.",
      "category": "host",
      "combined": "Pointers: Pointers: A breed of hunting dogs that may transmit diseases like Leptospirosis or Brucellosis."
    }
  ],
  "cluster_94": [
    {
      "id": "ENT_004093",
      "text": "wild canids",
      "definition": "wild canids: Undomesticated members of the dog family, such as wolves, coyotes, and foxes, that can carry rabies and other wildlife-associated pathogens.",
      "category": "host",
      "combined": "wild canids: wild canids: Undomesticated members of the dog family, such as wolves, coyotes, and foxes, that can carry rabies and other wildlife-associated pathogens."
    }
  ],
  "cluster_95": [
    {
      "id": "ENT_004187",
      "text": "Camelids",
      "definition": "Camelids: Hoofed mammals like llamas and alpacas that can be reservoirs for diseases like Johne's disease and parasites.",
      "category": "host",
      "combined": "Camelids: Camelids: Hoofed mammals like llamas and alpacas that can be reservoirs for diseases like Johne's disease and parasites."
    }
  ],
  "cluster_96": [
    {
      "id": "ENT_004188",
      "text": "Irish setters",
      "definition": "Irish setters: A breed of hunting dogs that can potentially spread infectious agents like parvovirus or distemper.",
      "category": "host",
      "combined": "Irish setters: Irish setters: A breed of hunting dogs that can potentially spread infectious agents like parvovirus or distemper."
    }
  ],
  "cluster_97": [
    {
      "id": "ENT_004318",
      "text": "Rodents",
      "definition": "Rodents: Small mammals like mice, rats, and hamsters that can transmit diseases such as hantavirus, leptospirosis, and salmonellosis.",
      "category": "host",
      "combined": "Rodents: Rodents: Small mammals like mice, rats, and hamsters that can transmit diseases such as hantavirus, leptospirosis, and salmonellosis."
    }
  ],
  "cluster_98": [
    {
      "id": "ENT_004319",
      "text": "Immunocompromised individuals",
      "definition": "Immunocompromised individuals: Humans or animals with weakened immune systems that are more susceptible to opportunistic infections.",
      "category": "host",
      "combined": "Immunocompromised individuals: Immunocompromised individuals: Humans or animals with weakened immune systems that are more susceptible to opportunistic infections."
    }
  ],
  "cluster_99": [
    {
      "id": "ENT_004356",
      "text": "guinea pigs",
      "definition": "guinea pigs: Small rodents that can carry pathogens like Salmonella, Campylobacter, and parasites.",
      "category": "host",
      "combined": "guinea pigs: guinea pigs: Small rodents that can carry pathogens like Salmonella, Campylobacter, and parasites."
    }
  ],
  "cluster_100": [
    {
      "id": "ENT_004911",
      "text": "camels",
      "definition": "Here are the one-sentence definitions for the given entities:",
      "category": "host",
      "combined": "camels: Here are the one-sentence definitions for the given entities:"
    }
  ],
  "cluster_101": [
    {
      "id": "ENT_004912",
      "text": "llamas",
      "definition": "Camels are large hoofed mammals that can carry pathogens causing diseases like Middle East Respiratory Syndrome (MERS).",
      "category": "host",
      "combined": "llamas: Camels are large hoofed mammals that can carry pathogens causing diseases like Middle East Respiratory Syndrome (MERS)."
    },
    {
      "id": "ENT_004916",
      "text": "water buffalo",
      "definition": "Llamas are large camelid mammals that can carry pathogens causing diseases like Chagas disease.",
      "category": "host",
      "combined": "water buffalo: Llamas are large camelid mammals that can carry pathogens causing diseases like Chagas disease."
    }
  ],
  "cluster_103": [
    {
      "id": "ENT_004917",
      "text": "vampire bats",
      "definition": "Water buffalo are large bovine mammals that can carry pathogens causing diseases like brucellosis.",
      "category": "host",
      "combined": "vampire bats: Water buffalo are large bovine mammals that can carry pathogens causing diseases like brucellosis."
    }
  ],
  "cluster_104": [
    {
      "id": "ENT_004918",
      "text": "capybara",
      "definition": "Vampire bats are hematophagous bats that can carry pathogens causing diseases like rabies and Chagas disease.",
      "category": "host",
      "combined": "capybara: Vampire bats are hematophagous bats that can carry pathogens causing diseases like rabies and Chagas disease."
    }
  ],
  "cluster_105": [
    {
      "id": "ENT_005215",
      "text": "Primates",
      "definition": "Capybara are large semiaquatic rodents that can carry pathogens causing diseases like leptospirosis.",
      "category": "host",
      "combined": "Primates: Capybara are large semiaquatic rodents that can carry pathogens causing diseases like leptospirosis."
    }
  ],
  "cluster_106": [
    {
      "id": "ENT_005245",
      "text": "large- and giant-breed dogs",
      "definition": "Primates are a group of mammals that can carry pathogens causing diseases like Ebola and Simian Immunodeficiency Virus (SIV).",
      "category": "host",
      "combined": "large- and giant-breed dogs: Primates are a group of mammals that can carry pathogens causing diseases like Ebola and Simian Immunodeficiency Virus (SIV)."
    }
  ],
  "cluster_110": [
    {
      "id": "ENT_003538",
      "text": "wolves",
      "definition": "Here are the one-sentence definitions for the given entities:",
      "category": "host",
      "combined": "wolves: Here are the one-sentence definitions for the given entities:"
    }
  ],
  "cluster_111": [
    {
      "id": "ENT_003539",
      "text": "bears",
      "definition": "Wolves: Canine predators that can carry rabies, canine distemper, and other zoonotic diseases.",
      "category": "host",
      "combined": "bears: Wolves: Canine predators that can carry rabies, canine distemper, and other zoonotic diseases."
    }
  ],
  "cluster_112": [
    {
      "id": "ENT_003664",
      "text": "young animals under 1 year of age",
      "definition": "Bears: Large omnivorous mammals that can transmit diseases like rabies, tularemia, and parasites.",
      "category": "host",
      "combined": "young animals under 1 year of age: Bears: Large omnivorous mammals that can transmit diseases like rabies, tularemia, and parasites."
    }
  ],
  "cluster_113": [
    {
      "id": "ENT_003665",
      "text": "older animals",
      "definition": "Young animals under 1 year of age: Immature hosts more susceptible to infectious diseases due to undeveloped immune systems.",
      "category": "host",
      "combined": "older animals: Young animals under 1 year of age: Immature hosts more susceptible to infectious diseases due to undeveloped immune systems."
    }
  ],
  "cluster_114": [
    {
      "id": "ENT_003705",
      "text": "Sand flies",
      "definition": "Older animals: Aging hosts with waning immunity that are more vulnerable to chronic and degenerative diseases.",
      "category": "host",
      "combined": "Sand flies: Older animals: Aging hosts with waning immunity that are more vulnerable to chronic and degenerative diseases."
    }
  ],
  "cluster_115": [
    {
      "id": "ENT_003734",
      "text": "swine",
      "definition": "Sand flies: Blood-feeding insects that can transmit leishmaniasis and other parasitic diseases.",
      "category": "host",
      "combined": "swine: Sand flies: Blood-feeding insects that can transmit leishmaniasis and other parasitic diseases."
    }
  ],
  "cluster_116": [
    {
      "id": "ENT_003736",
      "text": "unconventional pet mammals",
      "definition": "Swine: Domestic pigs that can harbor influenza viruses, brucellosis, and various bacterial and parasitic infections.",
      "category": "host",
      "combined": "unconventional pet mammals: Swine: Domestic pigs that can harbor influenza viruses, brucellosis, and various bacterial and parasitic infections."
    }
  ]
}